"SiteKey","PlotKey","DateModified","PlotID","EstablishDate","State","County","Directions","AvgPrecip","AvgPrecipUOM","EcolSite","Soil","ParentMaterial","Slope","Aspect","ESD_SlopeShape","LandscapeType","LandscapeTypeSecondary","MgtUnit","GPSCoordSys","Datum","Zone","Easting","Northing","Elevation","ElevationType","RecentWeatherPast12","RecentWeatherPrevious12","DisturbWildfire","DisturbRodents","DisturbMammals","DisturbWater","DisturbWind","DisturbWaterSoilDep","DisturbWindSoilDep","DisturbUndgroundUtils","DisturbOverhdTransLines","DisturbOther","DisturbOtherDesc","WildlifeUse","MgtHistory","OffsiteInfluences","Comments","ESD_MLRA","ESD_CRA","ESD_Region","ESD_Investigators","ESD_Bedrock","ESD_CommunityDescription","ESD_MajorLandform","ESD_ComponentLandform","HillslopeType","ESD_GeomorphicComp","ESD_RunIn_RunOff","ESD_SlopeComplexity","ESD_Root_density","ESD_Root_Depth","ESD_Root_Notes","ESD_DKDate","ESD_DKObservers","ESD_LitterClass","ESD_BiologicalCrustClass","ESD_PctGrassCover","ESD_ResourceRetentionClass","ESD_bareGapPatchSize","ESD_grassPatchSize","ESD_ResourceRetentionNotes","ESD_Pedoderm_Class","ESD_SurfaceNotes","ESD_SubsurfaceNotes","ESD_Compaction","ESD_Series","ESD_ParticleSizeClass","ESD_Mineralogy","ESD_SoilTempRegime","ESD_DepthClass","ESD_Subgroup","ESD_Greatgroup","ESD_Reaction","ESD_SoilMoistureRegime","ESD_CationExchangeActivityClass","ESD_Epipedon","ESD_Subsurface_features","ESD_Depth_to_root_horizon","ESD_Type_root_horizon","ESD_Horizon_notes","ESD_TrackingID","ESD_StateWithinEcologicalSite","ESD_CommunityWithinState","ESD_ErosionPatternClass","ESD_SoilRedistributionClass","Longitude","Latitude","DateLoadedInDb","GlobalID","PrimaryKey","DBKey","created_user","created_date","last_edited_user","last_edited_date","ADMINST","SpeciesState","ProjectName","Purpose","PurposeFlag","Design","DesignFlag"
"1907121233439789","1907140744399763",2019-10-08 10:42:54,"Riparian-478",2019-07-13 18:00:00,"UT","Kane","From Kanab BLM office head north on S 100 E and in 0.4 miles turn east onto US-89 S/E 300 S. In 8.3 miles turn north (left) onto Johnson Canyon Rd and continue for 9.5 miles. Turn west (right) onto Nephi Pasture Rd and proceed east, south, and then northeast for 21.7 miles. Park and hike west to plot.",302.89001465,"mm","R035XY324UT","5151","eolian sand",5,"108","CC","Terrace**","Riser",NA,"Decimal Degrees","NAD83","",-112.20918,37.28289,1885,1,NA,NA,0,0,0,0,0,0,0,0,0,0,NA,NA,NA,NA,NA,NA,NA,NA,NA,NA,NA,NA,NA,NA,NA,NA,NA,NA,NA,NA,NA,NA,NA,NA,NA,NA,NA,NA,NA,NA,NA,NA,NA,"Pinepoint",NA,NA,NA,NA,NA,NA,NA,NA,NA,NA,NA,NA,NA,NA,NA,NA,NA,NA,NA,-112.20918,37.28289,"2019-09-01","{7C172766-CF30-4267-8BED-D36249FA5504}","19071407443997632019-09-01","UT_GrandStaircaseEscalanteNM_LUP_2019_5-4_03.mdb","DBROWNING",2020-05-06 11:49:04,"DBROWNING",2020-05-06 11:49:04,"UT","UT","Utah Grand Staircase Escalante NM 2019",NA,NA,NA,NA
"190516075014303","1907150731326564",2019-10-08 10:38:33,"PJ-330",2019-07-14 18:00:00,"UT","Kane","From Kanab BLM office head north on S 100 E for 0.4 miles then continue east onto US-89 S/E 300 S for 55.7 miles. Turn left (northeast) onto Ethan Allen for 479 feet. Turn right onto County Road  then travel east for 0.5 mile. Turn right again to stay on County Rd/NP 230 for 12.1 miles. Make a slight right to head east onto NP 230/Smokey Mountain Rd for 1.0 miles. Continue straight  and northeast onto BLM 330 County Rd/Smoky Mountain Rd for 31.9 miles. Turn right and proceed east on BLM 300/Smokey Mt Rd. for 0.3 miles. Continue east for 1.2 mies and turn southeast on BLM 340/Croton Rd for 2.2 miles. Park and hike southwest to plot.",325.19000244,"mm","R035XY315UT","5078","residuum",14,"290","VC","Hills/Mountains*","Backslope",NA,"Decimal Degrees","NAD83","",-111.47006,37.43313,1914,1,NA,NA,0,0,0,0,0,0,0,0,0,0,NA,NA,NA,NA,NA,NA,NA,NA,NA,NA,NA,NA,NA,NA,NA,NA,NA,NA,NA,NA,NA,NA,NA,NA,NA,NA,NA,NA,NA,NA,NA,NA,NA,"Colskel",NA,NA,NA,NA,NA,NA,NA,NA,NA,NA,NA,NA,NA,NA,NA,NA,NA,NA,NA,-111.47006,37.43313,"2019-09-01","{B1743BD2-9DE0-4EE8-95F6-92A63DB1E4EB}","19071507313265642019-09-01","UT_GrandStaircaseEscalanteNM_LUP_2019_5-4_03.mdb","DBROWNING",2020-05-06 11:49:04,"DBROWNING",2020-05-06 11:49:04,"UT","UT","Utah Grand Staircase Escalante NM 2019",NA,NA,NA,NA
"190519074615616","1907251035255436",2019-10-08 10:41:54,"Forest-408",2019-07-24 18:00:00,"UT","Kane","From Kanab BLM office head east on US-89 S/ E 300 S for 8.3 miles. Turn left and head north on Johnson Canyon Rd. Proceed for 16.2 miles. Turn right and head northeast on BLM500/Skutumpah Rd for 12.8 miles. Turn left and continue northwest for 2.2 miles. Continue northwest onto Broad Hollow Rd. Proceed for 2.5 miles and turn right (northeast) onto Crawford canyon Rd. Travel generally northeast for 1.9 miles. Park and hike east to plot.",338.52999878,"mm","UNKNOWN","UNKNOWN","UNKNOWN",7,"207","CL","Terrace**","Tread",NA,"Decimal Degrees","NAD83","",-112.23315,37.42113,2105,1,NA,NA,0,0,0,0,0,0,0,0,0,0,NA,NA,NA,NA,NA,NA,NA,NA,NA,NA,NA,NA,NA,NA,NA,NA,NA,NA,NA,NA,NA,NA,NA,NA,NA,NA,NA,NA,NA,NA,NA,NA,NA,"UNKNOWN",NA,NA,NA,NA,NA,NA,NA,NA,NA,NA,NA,NA,NA,NA,NA,NA,NA,NA,NA,-112.23315,37.42113,"2019-09-01","{9EAE5555-7E2F-4E64-B96A-17105D3594DA}","19072510352554362019-09-01","UT_GrandStaircaseEscalanteNM_LUP_2019_5-4_03.mdb","DBROWNING",2020-05-06 11:49:04,"DBROWNING",2020-05-06 11:49:04,"UT","UT","Utah Grand Staircase Escalante NM 2019",NA,NA,NA,NA
"1906021342288521","1907261248156166",2019-10-08 10:34:47,"Other-240",2019-07-25 18:00:00,"UT","Kane","From Kanab BLM office head north on US-89N/N 300 W for 59.8 miles. Turn east onto UT-12 E and continue for 64.6 miles. Turn southeast onto BLM 200/Hole in the Rock Rd and travel for 21.4 miles. Turn northeast onto BLM 250/Early Weed Rd. In 6.1 miles park and take Early Bench Weed Trailhead east to plot.",206.77000427,"mm","UNKNOWN","UNKNOWN","UNKNOWN",7,"187","CC","Hills/Mountains*","Summit",NA,"Decimal Degrees","NAD83","",-111.16136,37.52522,1657,1,NA,NA,0,0,0,0,0,0,0,0,0,0,NA,NA,NA,NA,NA,NA,NA,NA,NA,NA,NA,NA,NA,NA,NA,NA,NA,NA,NA,NA,NA,NA,NA,NA,NA,NA,NA,NA,NA,NA,NA,NA,NA,"UNKNOWN",NA,NA,NA,NA,NA,NA,NA,NA,NA,NA,NA,NA,NA,NA,NA,NA,NA,NA,NA,-111.16136,37.52522,"2019-09-01","{BC84818E-E3A6-4CA9-8600-79B0393A5AEA}","19072612481561662019-09-01","UT_GrandStaircaseEscalanteNM_LUP_2019_5-4_03.mdb","DBROWNING",2020-05-06 11:49:04,"DBROWNING",2020-05-06 11:49:04,"UT","UT","Utah Grand Staircase Escalante NM 2019",NA,NA,NA,NA
"1906021342288521","1907270825421094",2019-10-08 10:35:16,"Other-243",2019-07-26 18:00:00,"UT","Kane","From Kanab BLM office head north on US-89N/N300W for 59.8 miles. Then turn east onto UT-12 E and continue for 64.6 miles. Turn south onto BLM 200/Hole in the Rock Rd and travel for 19.9 miles. Turn northeast onto an unnamed road. Continue for 2.8 miles then park hike north to plot.",205.72000122,"mm","R035XY212UT","5001","eolian sand",14,"120","VL","Dunes","",NA,"Decimal Degrees","NAD83","",-111.27529,37.5485,1579,1,NA,NA,0,0,0,0,0,0,0,0,0,0,NA,NA,NA,NA,NA,NA,NA,NA,NA,NA,NA,NA,NA,NA,NA,NA,NA,NA,NA,NA,NA,NA,NA,NA,NA,NA,NA,NA,NA,NA,NA,NA,NA,"Mido",NA,NA,NA,NA,NA,NA,NA,NA,NA,NA,NA,NA,NA,NA,NA,NA,NA,NA,NA,-111.27529,37.5485,"2019-09-01","{E5F19717-9CA3-4094-A981-7FB5D26636DB}","19072708254210942019-09-01","UT_GrandStaircaseEscalanteNM_LUP_2019_5-4_03.mdb","DBROWNING",2020-05-06 11:49:04,"DBROWNING",2020-05-06 11:49:04,"UT","UT","Utah Grand Staircase Escalante NM 2019",NA,NA,NA,NA
"1905041505375010","1907271347546853",2019-10-08 10:48:10,"Shade-687",2019-07-26 18:00:00,"UT","Kane","From Kanab BLM office proceed north on US-89N/N 300 W for 59.8 miles. Turn east (right) onto UT-12 E and continue for 64.6 miles. Turn south (right) onto BLM 200/Hole in the Rock Rd and proceed for 37.7 miles. Park and hike southwest to plot.",204.3500061,"mm","UNKNOWN","UNKNOWN","Colluvium and/or slope alluvium derived sandstone",32,"270","CC","Hills/Mountains*","Backslope",NA,"Decimal Degrees","NAD83","",-111.11548,37.33923,1743,1,NA,NA,0,0,0,0,0,0,0,0,0,0,NA,NA,NA,NA,NA,NA,NA,NA,NA,NA,NA,NA,NA,NA,NA,NA,NA,NA,NA,NA,NA,NA,NA,NA,NA,NA,NA,NA,NA,NA,NA,NA,NA,"UNKNOWN",NA,NA,NA,NA,NA,NA,NA,NA,NA,NA,NA,NA,NA,NA,NA,NA,NA,NA,NA,-111.11548,37.33923,"2019-09-01","{D06ED455-321D-4254-99B6-6962CDBE1450}","19072713475468532019-09-01","UT_GrandStaircaseEscalanteNM_LUP_2019_5-4_03.mdb","DBROWNING",2020-05-06 11:49:04,"DBROWNING",2020-05-06 11:49:04,"UT","UT","Utah Grand Staircase Escalante NM 2019",NA,NA,NA,NA
"1906020720126606","1907280844447487",2019-11-22 08:05:04,"BigSage-021",2019-07-27 18:00:00,"UT","Garfield","From Kanab BLM office head north on US-89 N/N 300 W for 59.8 miles. Turn east onto UT-12 E. In 86.6 miles turn east onto Burr Trail Rd. Continue on Burr Trail Rd 23.3 miles. Then turn north onto an unnamed road. In 1.5 miles park and hike southeast to plot.",262.32998657,"mm","UNKNOWN","UNKNOWN","UNKNOWN",9,"360","VV","Terrace**","Riser",NA,"Decimal Degrees","NAD83","",-111.15646,37.94314,1951,1,NA,NA,0,0,0,0,0,0,0,0,0,0,NA,NA,NA,NA,NA,NA,NA,NA,NA,NA,NA,NA,NA,NA,NA,NA,NA,NA,NA,NA,NA,NA,NA,NA,NA,NA,NA,NA,NA,NA,NA,NA,NA,"UNKNOWN",NA,NA,NA,NA,NA,NA,NA,NA,NA,NA,NA,NA,NA,NA,NA,NA,NA,NA,NA,-111.15646,37.94314,"2019-09-01","{732CBBD4-C049-4230-9B3D-26245CA4A28A}","19072808444474872019-09-01","UT_GrandStaircaseEscalanteNM_LUP_2019_5-4_03.mdb","DBROWNING",2020-05-06 11:49:04,"DBROWNING",2020-05-06 11:49:04,"UT","UT","Utah Grand Staircase Escalante NM 2019",NA,NA,NA,NA
"190516075014303","1907281533067818",2019-10-08 10:39:58,"PJ-335",2019-07-27 18:00:00,"UT","Kane","From Kanab BLM office head north on US-89 N for 59.8 miles. Turn east (right) onto UT-12 E and continue for 25.7 miles. Turn right (south) on Kodachrome Rd/Main St. and continue for 2.6 miles. Continue onto Cottonwood Canyon Rd and proceed south for 2.5 miles. Park and hike southeast to plot.",281.54000854,"mm","R035XY209UT","5170","eolian sand and slope alluvium over residuum",14,"230","CC","Terrace**","Riser",NA,"Decimal Degrees","NAD83","",-112.0267,37.50458,1713,1,NA,NA,0,0,0,0,0,0,0,0,0,0,NA,NA,NA,NA,NA,NA,NA,NA,NA,NA,NA,NA,NA,NA,NA,NA,NA,NA,NA,NA,NA,NA,NA,NA,NA,NA,NA,NA,NA,NA,NA,NA,NA,"Humbug",NA,NA,NA,NA,NA,NA,NA,NA,NA,NA,NA,NA,NA,NA,NA,NA,NA,NA,NA,-112.0267,37.50458,"2019-09-01","{A089A974-45F1-41F4-9826-538C2C6D6840}","19072815330678182019-09-01","UT_GrandStaircaseEscalanteNM_LUP_2019_5-4_03.mdb","DBROWNING",2020-05-06 11:49:04,"DBROWNING",2020-05-06 11:49:04,"UT","UT","Utah Grand Staircase Escalante NM 2019",NA,NA,NA,NA
"1907121233439789","1907291103515182",2019-10-08 10:43:13,"Riparian-479",2019-07-28 18:00:00,"UT","Kane","From Kanab BLM office head north on S 100 E for 0.4 miles then turn east onto US-89 S/ E 300 S for 45.3 miles. Turn north (left) onto Cottonwood Canyon Rd and proceed for 20.9 miles. Park and hike southeast to the plot.",302.30999756,"mm","UNKNOWN","UNKNOWN","UNKNOWN",28,"20","CC","Floodplain/Flood basin","",NA,"Decimal Degrees","NAD83","",-111.87073,37.33865,1600,1,NA,NA,0,0,0,0,0,0,0,0,0,0,NA,NA,NA,NA,NA,NA,NA,NA,NA,NA,NA,NA,NA,NA,NA,NA,NA,NA,NA,NA,NA,NA,NA,NA,NA,NA,NA,NA,NA,NA,NA,NA,NA,"UNKNOWN",NA,NA,NA,NA,NA,NA,NA,NA,NA,NA,NA,NA,NA,NA,NA,NA,NA,NA,NA,-111.87073,37.33865,"2019-09-01","{2DF8E96F-59C5-485F-91F1-CF966CF519EB}","19072911035151822019-09-01","UT_GrandStaircaseEscalanteNM_LUP_2019_5-4_03.mdb","DBROWNING",2020-05-06 11:49:04,"DBROWNING",2020-05-06 11:49:04,"UT","UT","Utah Grand Staircase Escalante NM 2019",NA,NA,NA,NA
"190516075014303","1907300824448719",2019-10-08 12:34:28,"PJ-334",2019-07-29 18:00:00,"UT","Kane","From Kanab BLM office head north on US-89 N for 59.8 miles. Turn east (right) onto UT-12 E and continue for 59.1 miles. Turn south (right) on S 500 W and in 0.9 miles turn west (left) onto the road that becomes BLM 300/Smokey Mountain Rd. Continue for 8.2 miles and then turn east (left) to stay on BLM 300/Smokey Mountain Rd, traveling south for 12.4 miles. Park and hike southwest to plot.",303.77999878,"mm","UNKNOWN","UNKNOWN","UNKNOWN",35,"338","VC","Hills/Mountains*","Shoulder",NA,"Decimal Degrees","NAD83","",-111.62586,37.52427,2027,1,NA,NA,0,0,0,0,0,0,0,0,0,0,NA,NA,NA,NA,NA,NA,NA,NA,NA,NA,NA,NA,NA,NA,NA,NA,NA,NA,NA,NA,NA,NA,NA,NA,NA,NA,NA,NA,NA,NA,NA,NA,NA,"UNKNOWN",NA,NA,NA,NA,NA,NA,NA,NA,NA,NA,NA,NA,NA,NA,NA,NA,NA,NA,NA,-111.62586,37.52427,"2019-09-01","{F291B436-9E7D-48F7-8ED2-BCF0E529D509}","19073008244487192019-09-01","UT_GrandStaircaseEscalanteNM_LUP_2019_5-4_03.mdb","DBROWNING",2020-05-06 11:49:04,"DBROWNING",2020-05-06 11:49:04,"UT","UT","Utah Grand Staircase Escalante NM 2019",NA,NA,NA,NA
"190519074615616","1907301200318361",2019-10-08 10:42:10,"Forest-409",2019-07-29 18:00:00,"UT","Kane","From Kanab BLM office travel north on US-89 N for 59.8 miles. Turn onto UT-12 E and continue east-southeast for 59.1 miles. Turn right and proceed south on S 500 W for 0.9 miles. S 500 W turns left and heads southwest as it becomes BLM 300/Smokey Mt Rd. Travel 8.2 miles. Then turn left to stay on BLM 300/Smokey Mt. Rd and continue southeast for four miles. Hike southwest to plot.",342.48999023,"mm","UNKNOWN","UNKNOWN","UNKNOWN",18,"356","VC","Hills/Mountains*","Shoulder",NA,"Decimal Degrees","NAD83","",-111.60828,37.60689,2122,1,NA,NA,0,0,0,0,0,0,0,0,0,0,NA,NA,NA,NA,NA,NA,NA,NA,NA,NA,NA,NA,NA,NA,NA,NA,NA,NA,NA,NA,NA,NA,NA,NA,NA,NA,NA,NA,NA,NA,NA,NA,NA,"UNKNOWN",NA,NA,NA,NA,NA,NA,NA,NA,NA,NA,NA,NA,NA,NA,NA,NA,NA,NA,NA,-111.60828,37.60689,"2019-09-01","{EB85765A-1196-4E8C-A900-3B707F89EA33}","19073012003183612019-09-01","UT_GrandStaircaseEscalanteNM_LUP_2019_5-4_03.mdb","DBROWNING",2020-05-06 11:49:04,"DBROWNING",2020-05-06 11:49:04,"UT","UT","Utah Grand Staircase Escalante NM 2019",NA,NA,NA,NA
"1905020835449328","190807132710323",2019-10-08 10:30:35,"Blackbrush-101",2019-08-06 18:00:00,"UT","Kane","From Kanab BLM office take Fairway Dr. to US-89 N/N 300 W and continue for 59.8 miles. Turn east (right) onto UT-12 E and continue for 64.6 miles. Turn slightly right onto BLM 200/Hole in the Rock Rd and continue southeast for 23.2 miles. Park and hike southwest to plot.",204.11000061,"mm","R035XY121UT","5049","mixed alluvium",3,"300","CL","Floodplain/Flood basin","",NA,"Decimal Degrees","NAD83","",-111.26606,37.48596,1482,1,NA,NA,0,0,0,0,0,0,0,0,0,0,NA,NA,NA,NA,NA,NA,NA,NA,NA,NA,NA,NA,NA,NA,NA,NA,NA,NA,NA,NA,NA,NA,NA,NA,NA,NA,NA,NA,NA,NA,NA,NA,NA,"Mack",NA,NA,NA,NA,NA,NA,NA,NA,NA,NA,NA,NA,NA,NA,NA,NA,NA,NA,NA,-111.26606,37.48596,"2019-09-01","{3A5ED6BA-D65D-4C62-BFE8-56CE764C3118}","1908071327103232019-09-01","UT_GrandStaircaseEscalanteNM_LUP_2019_5-4_03.mdb","DBROWNING",2020-05-06 11:49:04,"DBROWNING",2020-05-06 11:49:04,"UT","UT","Utah Grand Staircase Escalante NM 2019",NA,NA,NA,NA
"1905031203581228","1908080824438402",2019-10-08 10:46:16,"Shrub-614",2019-08-07 18:00:00,"UT","Kane","From Kanab BLM office travel north on US-89 N for 59.8 miles. Turn onto UT-12 E and continue east-southeast for 59.1 miles. Then turn right and continue south on S 500 W for 0.9 miles. S 500 W turns to the left (west) and becomes BLM 300/Smokey Mt Rd. Continue for 8.2 miles and turn slightly left (east) to stay on BLM 300/Smokey Mt Rd and proceed for 16.9 miles. Turn slightly east (left) and continue for 0.2 miles. Make another left (northeast) and continue for 1.1 mile. Park the truck and hike west to plot.",302.88000488,"mm","R035XY315UT","5078","colluvium",4,"188","LC","Terrace**","Tread",NA,"Decimal Degrees","NAD83","",-111.57455,37.51787,2002,1,NA,NA,0,0,0,0,0,0,0,0,0,0,NA,NA,NA,NA,NA,NA,NA,NA,NA,NA,NA,NA,NA,NA,NA,NA,NA,NA,NA,NA,NA,NA,NA,NA,NA,NA,NA,NA,NA,NA,NA,NA,NA,"Colskel",NA,NA,NA,NA,NA,NA,NA,NA,NA,NA,NA,NA,NA,NA,NA,NA,NA,NA,NA,-111.57455,37.51787,"2019-09-01","{D197157F-5304-4AF4-BEC4-D536FE53383E}","19080808244384022019-09-01","UT_GrandStaircaseEscalanteNM_LUP_2019_5-4_03.mdb","DBROWNING",2020-05-06 11:49:04,"DBROWNING",2020-05-06 11:49:04,"UT","UT","Utah Grand Staircase Escalante NM 2019",NA,NA,NA,NA
"1906020720126606","1904230855013196",2019-10-08 10:06:28,"BigSage-015",2019-04-22 18:00:00,"UT","Kane","From the BLM office in Kanab head north on S 100 E for 0.4 miles and then continue east onto US-89 S/E 300 S for 8.3 miles. Then head north on Johnson Canyon Rd for 12.3 miles. Park and hike east to plot.",405.54000854,"mm","UNKNOWN","UNKNOWN","UNKNOWN",11,"254","VC","Other","",NA,"Decimal Degrees","NAD83","",-112.37321,37.20606,1713,1,NA,NA,0,0,0,0,0,0,0,0,0,0,NA,NA,NA,NA,NA,NA,NA,NA,NA,NA,NA,NA,NA,NA,NA,NA,NA,NA,NA,NA,NA,NA,NA,NA,NA,NA,NA,NA,NA,NA,NA,NA,NA,"UNKNOWN",NA,NA,NA,NA,NA,NA,NA,NA,NA,NA,NA,NA,NA,NA,NA,NA,NA,NA,NA,-112.37321,37.20606,"2019-09-01","{1831FE21-B3C6-4C58-BF09-C838ADBA270B}","19042308550131962019-09-01","UT_GrandStaircaseEscalanteNM_LUP_2019_5-4_03.mdb","DBROWNING",2020-05-06 11:49:04,"DBROWNING",2020-05-06 11:49:04,"UT","UT","Utah Grand Staircase Escalante NM 2019",NA,NA,NA,NA
"1906020720126606","1904240853192608",2019-10-08 13:02:23,"BigSage-016",2019-04-23 18:00:00,"UT","Kane","From the BLM office in Kanab head north on S 100 E for 0.4 miles then continue east onto US-89S/E 300 S for 23.2 miles. Turn right and continue east for 0.8 miles. Take slight northeast turn and continue winding around to southeast for 4.7 miles. Hike southwest to point.",287.48001099,"mm","R035XY226UT","5159","residuum",17,"202","VC","Terrace**","Riser",NA,"Decimal Degrees","NAD83","",-112.06022,37.07772,1773,1,NA,NA,0,0,0,0,0,0,0,0,0,0,NA,NA,NA,NA,NA,NA,NA,NA,NA,NA,NA,NA,NA,NA,NA,NA,NA,NA,NA,NA,NA,NA,NA,NA,NA,NA,NA,NA,NA,NA,NA,NA,NA,"Mellenthin",NA,NA,NA,NA,NA,NA,NA,NA,NA,NA,NA,NA,NA,NA,NA,NA,NA,NA,NA,-112.06022,37.07772,"2019-09-01","{BB2BDE99-79A0-43C8-AC88-DFDE654AC99C}","19042408531926082019-09-01","UT_GrandStaircaseEscalanteNM_LUP_2019_5-4_03.mdb","DBROWNING",2020-05-06 11:49:04,"DBROWNING",2020-05-06 11:49:04,"UT","UT","Utah Grand Staircase Escalante NM 2019",NA,NA,NA,NA
"1905020835449328","1905020836188041",2019-10-08 10:26:41,"Blackbrush-096",2019-05-01 18:00:00,"UT","Kane","From Kanab BLM office turn left onto US 89-S. Continue on US 89-S for 56 miles. Merge onto NP230 to Grand Bench Rd/NP 262 and continue for 36.3 miles. Turn left and head east onto Ethan Allen for 479 ft.  Turn right and proceed northeast on County Rd. for 0.5 miles. Turn right and head east to follow County Rd. to NP 230 and continue for 12.1 miles. Turn east onto NP230/Smokey Mountain Rd. and continue for 1 imle. Make a slight right and head east on Croton Rd/MP320 for 21.9 miles. Continue straight onto Grand Bench Rd./NP262 for 0.6 miles and hike northeast to plot.",182.52000427,"mm","UNKNOWN","UNKNOWN","UNKNOWN",7,"282","VV","Terrace**","Tread",NA,"Decimal Degrees","NAD83","",-111.30221,37.23908,1233,1,NA,NA,0,0,0,0,0,0,0,0,0,0,NA,NA,NA,NA,NA,NA,NA,NA,NA,NA,NA,NA,NA,NA,NA,NA,NA,NA,NA,NA,NA,NA,NA,NA,NA,NA,NA,NA,NA,NA,NA,NA,NA,"UNKNOWN",NA,NA,NA,NA,NA,NA,NA,NA,NA,NA,NA,NA,NA,NA,NA,NA,NA,NA,NA,-111.30221,37.23908,"2019-09-01","{CA7594FF-C2EB-4B45-80C7-ED3CE6FD3AE3}","19050208361880412019-09-01","UT_GrandStaircaseEscalanteNM_LUP_2019_5-4_03.mdb","DBROWNING",2020-05-06 11:49:04,"DBROWNING",2020-05-06 11:49:04,"UT","UT","Utah Grand Staircase Escalante NM 2019",NA,NA,NA,NA
"1905021444289840","1905021444547115",2019-10-08 10:44:00,"Salt-542",2019-05-01 18:00:00,"UT","Kane","From Kanab BLM office head north on S 100 E for 0.4 miles then continue east onto US-89 S/E 300 S for 55.7 miles. Turn left (northeast) onto Ethan Allen for 479 feet. Turn right onto County Road  then travel east for 0.5 mile. Turn right again to stay on County Rd/NP 230 for 12.1 miles. Make a slight right to head east onto NP 230/Smokey Mountain Rd for 1.0 miles. Make another slight right and travel east and then north on Croton Rd/NP 230 for 21.9 miles. Turn left onto BLM 340/Croton Rd and continue northwest for 10 miles. Turn right to continue northwest on BLM Croton Rd for 1.4 miles. Park and hike west for 1.4 miles.",295.73999023,"mm","UNKNOWN","UNKNOWN","UNKNOWN",42,"111","CC","Hills/Mountains*","Backslope",NA,"Decimal Degrees","NAD83","",-111.39951,37.31046,1747,1,NA,NA,0,0,0,0,0,0,0,0,0,0,NA,NA,NA,NA,NA,NA,NA,NA,NA,NA,NA,NA,NA,NA,NA,NA,NA,NA,NA,NA,NA,NA,NA,NA,NA,NA,NA,NA,NA,NA,NA,NA,NA,"UNKNOWN",NA,NA,NA,NA,NA,NA,NA,NA,NA,NA,NA,NA,NA,NA,NA,NA,NA,NA,NA,-111.39951,37.31046,"2019-09-01","{E9F421EE-5977-415C-9919-7390C1A67824}","19050214445471152019-09-01","UT_GrandStaircaseEscalanteNM_LUP_2019_5-4_03.mdb","DBROWNING",2020-05-06 11:49:04,"DBROWNING",2020-05-06 11:49:04,"UT","UT","Utah Grand Staircase Escalante NM 2019",NA,NA,NA,NA
"1905031203581228","1905031204175116",2019-10-08 10:44:43,"Shrub-609",2019-05-02 18:00:00,"UT","Kane","From Kanab BLM office head north on S 100 E for 0.4 miles then continue east onto US-89 S/E 300 S for 55.7 miles. Turn left (northeast) onto Ethan Allen for 479 feet. Turn right onto County Road  then travel east for 0.5 mile. Turn right again to stay on County Rd/NP 230 for 12.1 miles. Make a slight right to head east onto NP 230/Smokey Mountain Rd for 1.0 miles. Continue straight onto BLM 330/Smoky Mountain Rd. and travel northeast and north for 9.0 miles. Turn right and continue northeast for 0.5 miles. Hike northwest to plot.",288.26000977,"mm","R035XY233UT","5155","sandstone residuum",4,"21","CL","Flat Plain","",NA,"Decimal Degrees","NAD83","",-111.45683,37.2145,1675,1,NA,NA,0,0,0,0,0,0,0,0,0,0,NA,NA,NA,NA,NA,NA,NA,NA,NA,NA,NA,NA,NA,NA,NA,NA,NA,NA,NA,NA,NA,NA,NA,NA,NA,NA,NA,NA,NA,NA,NA,NA,NA,"Lazear",NA,NA,NA,NA,NA,NA,NA,NA,NA,NA,NA,NA,NA,NA,NA,NA,NA,NA,NA,-111.45683,37.2145,"2019-09-01","{67E3CA6F-27DB-47CF-BDCF-31BE41D975C1}","19050312041751162019-09-01","UT_GrandStaircaseEscalanteNM_LUP_2019_5-4_03.mdb","DBROWNING",2020-05-06 11:49:04,"DBROWNING",2020-05-06 11:49:04,"UT","UT","Utah Grand Staircase Escalante NM 2019",NA,NA,NA,NA
"1905020835449328","1905041007383200",2019-10-08 12:30:06,"Blackbrush-094",2019-05-03 18:00:00,"UT","Kane","From Kanab BLM office, turn left onto US-89S. Continue on US-89S for 55.7 miles. Turn left and head north onto Ethan Allen for 0.6 miles.  Head northwest on Fish Hatchery Rd for 2.0 miles and continue onto Nipple Canyon for 0.5 miles. Continue for 9.8 miles as Nipple Canyon turns slightly left and becomes BLM327/Nipple Creek Rd. Turn slightly right/east and continue on BLM320/Heads of the Creek Rd for 0.5 miles. Keep straight for 0.1 miles and then head slightly right on BLM320/Heads of the Creek Rd. Continue for 5.4 miles. Hike southeast to plot.",246.53999329,"mm","UNKNOWN","UNKNOWN","UNKNOWN",31,"64","CL","Terrace**","Riser",NA,"Decimal Degrees","NAD83","",-111.60839,37.22738,1455,1,NA,NA,0,0,0,0,0,0,0,0,0,0,NA,NA,NA,NA,NA,NA,NA,NA,NA,NA,NA,NA,NA,NA,NA,NA,NA,NA,NA,NA,NA,NA,NA,NA,NA,NA,NA,NA,NA,NA,NA,NA,NA,"UNKNOWN",NA,NA,NA,NA,NA,NA,NA,NA,NA,NA,NA,NA,NA,NA,NA,NA,NA,NA,NA,-111.60839,37.22738,"2019-09-01","{E82DAA35-79E7-4F60-9CA8-A59362BFB5A3}","19050410073832002019-09-01","UT_GrandStaircaseEscalanteNM_LUP_2019_5-4_03.mdb","DBROWNING",2020-05-06 11:49:04,"DBROWNING",2020-05-06 11:49:04,"UT","UT","Utah Grand Staircase Escalante NM 2019",NA,NA,NA,NA
"1905041505375010","1905041506092924",2019-10-08 10:46:39,"Shade-683",2019-05-03 18:00:00,"UT","Kane","From Kanab BLM office head north on S 100 E then east onto US-89S/E 300 S for 55.7 miles. Then head north (left) on Ethan Allen for 0.6 miles, then west (left) onto Fish Hatchery Rd. for 2.0 miles before continuing onto Nipple Canyon for 0.5 miles. Nipple Canyon turns slightly south (left) and becomes BLM327/Nipple Creek Rd. Continue for a total of 9.8 miles. Turn slightly west (right) for 3.5 miles. Continue straight (northeast) on BLM320/Heads of the Creek Rd for 0.5 miles. Continue straight (northwest then northeast) for another 0.1 miles. Make a slight right (east) to continue on BLM320/Heads of the Creek Rd. for 1.8 miles. Park and hike northeast to plot.",249.92999268,"mm","R035XY230UT","5098","slope alluvium",8,"120","LC","Flat Plain","",NA,"Decimal Degrees","NAD83","",-111.61492,37.21707,1482,1,NA,NA,0,0,0,0,0,0,0,0,0,0,NA,NA,NA,NA,NA,NA,NA,NA,NA,NA,NA,NA,NA,NA,NA,NA,NA,NA,NA,NA,NA,NA,NA,NA,NA,NA,NA,NA,NA,NA,NA,NA,NA,"Skyvillage",NA,NA,NA,NA,NA,NA,NA,NA,NA,NA,NA,NA,NA,NA,NA,NA,NA,NA,NA,-111.61492,37.21707,"2019-09-01","{4189D096-2475-46AF-8AF5-0925081B6A99}","19050415060929242019-09-01","UT_GrandStaircaseEscalanteNM_LUP_2019_5-4_03.mdb","DBROWNING",2020-05-06 11:49:04,"DBROWNING",2020-05-06 11:49:04,"UT","UT","Utah Grand Staircase Escalante NM 2019",NA,NA,NA,NA
"190516075014303","1905160751128978",2019-10-08 13:04:36,"PJ-320",2019-05-15 18:00:00,"UT","Kane","From Kanab BLM office take Fairway Dr. to US-89 N/ N 300 W for 58.9 miles. Turn right onto UT-12 E and travel east for 86.6 miles. Turn right onto Burr Trail Rd and travel east and southeast for 2.8 miles. Continue southeast, and then northeast for 15.6 miles. Turn right and head south for 4.1 miles. Park and hike west to plot.",243.16000366,"mm","R035XY240UT","5103","residuum",33,"180","CC","Hills/Mountains*","Backslope",NA,"Decimal Degrees","NAD83","",-111.23916,37.86682,1689,1,NA,NA,0,0,0,0,0,0,0,0,0,0,NA,NA,NA,NA,NA,NA,NA,NA,NA,NA,NA,NA,NA,NA,NA,NA,NA,NA,NA,NA,NA,NA,NA,NA,NA,NA,NA,NA,NA,NA,NA,NA,NA,"Remorris",NA,NA,NA,NA,NA,NA,NA,NA,NA,NA,NA,NA,NA,NA,NA,NA,NA,NA,NA,-111.23916,37.86682,"2019-09-01","{C2E36BFE-D37F-42D5-882A-9378CF1CDCF4}","19051607511289782019-09-01","UT_GrandStaircaseEscalanteNM_LUP_2019_5-4_03.mdb","DBROWNING",2020-05-06 11:49:04,"DBROWNING",2020-05-06 11:49:04,"UT","UT","Utah Grand Staircase Escalante NM 2019",NA,NA,NA,NA
"190519074615616","1905170856255989",2019-10-08 12:22:05,"Forest-405",2019-05-16 18:00:00,"UT","Kane","From the BLM office in Kanab take Fairway Dr. to E 300 S. Follow US-89N for 59.8 miles. Turn onto UT-12 east and continue for 25.1 miles. Turn west for 1.3 miles and hike west to plot.",302.76998901,"mm","UNKNOWN","UNKNOWN","UNKNOWN",5,"294","LC","Flat Plain","",NA,"Decimal Degrees","NAD83","",-112.08981,37.58473,2006,1,NA,NA,0,0,0,0,0,0,0,0,0,0,NA,NA,NA,NA,NA,NA,NA,NA,NA,NA,NA,NA,NA,NA,NA,NA,NA,NA,NA,NA,NA,NA,NA,NA,NA,NA,NA,NA,NA,NA,NA,NA,NA,"UNKNOWN",NA,NA,NA,NA,NA,NA,NA,NA,NA,NA,NA,NA,NA,NA,NA,NA,NA,NA,NA,-112.08981,37.58473,"2019-09-01","{66C47D00-1E88-48A8-8243-F7CB69873233}","19051708562559892019-09-01","UT_GrandStaircaseEscalanteNM_LUP_2019_5-4_03.mdb","DBROWNING",2020-05-06 11:49:04,"DBROWNING",2020-05-06 11:49:04,"UT","UT","Utah Grand Staircase Escalante NM 2019",NA,NA,NA,NA
"1905021444289840","1905171447318028",2019-10-08 12:46:53,"Salt-544",2019-05-16 18:00:00,"UT","Kane","From the BLM office in Kanab head north on S 100 E for 0.3 miles and continue onto US-89 N/N 300 W for 59.8 miles. Turn .east onto US-12 E and continue for 21.9 miles. Park and hike southwest to plot.",298.01998901,"mm","UNKNOWN","UNKNOWN","UNKNOWN",4,"68","VL","Flat Plain","",NA,"Decimal Degrees","NAD83","",-112.08082,37.60641,1955,1,NA,NA,0,0,0,0,0,0,0,0,0,0,NA,NA,NA,NA,NA,NA,NA,NA,NA,NA,NA,NA,NA,NA,NA,NA,NA,NA,NA,NA,NA,NA,NA,NA,NA,NA,NA,NA,NA,NA,NA,NA,NA,"UNKNOWN",NA,NA,NA,NA,NA,NA,NA,NA,NA,NA,NA,NA,NA,NA,NA,NA,NA,NA,NA,-112.08082,37.60641,"2019-09-01","{92982966-984D-41D0-8FD2-F70881E37116}","19051714473180282019-09-01","UT_GrandStaircaseEscalanteNM_LUP_2019_5-4_03.mdb","DBROWNING",2020-05-06 11:49:04,"DBROWNING",2020-05-06 11:49:04,"UT","UT","Utah Grand Staircase Escalante NM 2019",NA,NA,NA,NA
"190516075014303","1905181053239335",2019-10-08 10:36:36,"PJ-321",2019-05-17 18:00:00,"UT","Kane","From Kanab BLM office take Fairway Dr. Turn left onto US-89 S/ E300 S and continue east for 14.3 miles. Turn left onto Seaman Canyon Rd. and travel north for 2.8 miles. Turn left again onto Seaman Washington Rd and continue north for 3.2 miles. Park and hike northeast to plot.",384.36999512,"mm","UNKNOWN","UNKNOWN","UNKNOWN",7,"308","VL","Hills/Mountains*","Backslope",NA,"Decimal Degrees","NAD83","",-112.21936,37.13333,1990,1,NA,NA,0,0,0,0,0,0,0,0,0,0,NA,NA,NA,NA,NA,NA,NA,NA,NA,NA,NA,NA,NA,NA,NA,NA,NA,NA,NA,NA,NA,NA,NA,NA,NA,NA,NA,NA,NA,NA,NA,NA,NA,"UNKNOWN",NA,NA,NA,NA,NA,NA,NA,NA,NA,NA,NA,NA,NA,NA,NA,NA,NA,NA,NA,-112.21936,37.13333,"2019-09-01","{5FEEB407-220A-475B-AEB7-55622D7F513F}","19051810532393352019-09-01","UT_GrandStaircaseEscalanteNM_LUP_2019_5-4_03.mdb","DBROWNING",2020-05-06 11:49:04,"DBROWNING",2020-05-06 11:49:04,"UT","UT","Utah Grand Staircase Escalante NM 2019",NA,NA,NA,NA
"1905031203581228","1905191632259994",2019-10-08 10:45:24,"Shrub-612",2019-05-18 18:00:00,"UT","Kane","From Kanab BLM office turn left (southwest) onto E Fairway Dr and continue for 0.2 miles. Then turn left (east) onto US-89S/E 300 S. Continue on US-89S/E 300 S for 36 miles. Park and hike west to plot.",262.33999634,"mm","R035XY226UT","5158","colluvium",8,"66","CC","Terrace**","Riser",NA,"Decimal Degrees","NAD83","",-111.99929,37.15117,1723,1,NA,NA,0,0,0,0,0,0,0,0,0,0,NA,NA,NA,NA,NA,NA,NA,NA,NA,NA,NA,NA,NA,NA,NA,NA,NA,NA,NA,NA,NA,NA,NA,NA,NA,NA,NA,NA,NA,NA,NA,NA,NA,"Mellenthin",NA,NA,NA,NA,NA,NA,NA,NA,NA,NA,NA,NA,NA,NA,NA,NA,NA,NA,NA,-111.99929,37.15117,"2019-09-01","{72EC7D37-E879-4A1F-9F32-D3DF7A5692AD}","19051916322599942019-09-01","UT_GrandStaircaseEscalanteNM_LUP_2019_5-4_03.mdb","DBROWNING",2020-05-06 11:49:04,"DBROWNING",2020-05-06 11:49:04,"UT","UT","Utah Grand Staircase Escalante NM 2019",NA,NA,NA,NA
"1905301809276686","1905301809426003",2019-10-08 10:30:59,"Grassland-162",2019-05-29 18:00:00,"UT","Kane","From Kanab BLM office turn left onto US-89 S. Continue on US-89 S for 27.6 miles. Turn right and head southeast for 5.7 miles. Continue straight at intersection and proceed for 2.6 miles. Park and hike west to plot.",258.58999634,"mm","R035XY226UT","5159","residuum",33,"180","VV","Hills/Mountains*","Backslope",NA,"Decimal Degrees","NAD83","",-112.00406,37.09189,1675,1,NA,NA,0,0,0,0,0,0,0,0,0,0,NA,NA,NA,NA,NA,NA,NA,NA,NA,NA,NA,NA,NA,NA,NA,NA,NA,NA,NA,NA,NA,NA,NA,NA,NA,NA,NA,NA,NA,NA,NA,NA,NA,"Mellenthin",NA,NA,NA,NA,NA,NA,NA,NA,NA,NA,NA,NA,NA,NA,NA,NA,NA,NA,NA,-112.00406,37.09189,"2019-09-01","{26E55271-2246-46E0-8CF1-F2FCA06A13EA}","19053018094260032019-09-01","UT_GrandStaircaseEscalanteNM_LUP_2019_5-4_03.mdb","DBROWNING",2020-05-06 11:49:04,"DBROWNING",2020-05-06 11:49:04,"UT","UT","Utah Grand Staircase Escalante NM 2019",NA,NA,NA,NA
"190519074615616","1905311603202029",2019-10-08 10:41:38,"Forest-407",2019-05-30 18:00:00,"UT","Kane","From Kanab BLM office travel north on US-89 N for 59.8 miles. Turn onto UT-12 E and continue east-southeast for 38.2 miles. Turn right onto a two-track and continue southeast for 4.4 miles. Park and hike south to plot.",348.57000732,"mm","UNKNOWN","UNKNOWN","UNKNOWN",31,"200","VC","Terrace**","Riser",NA,"Decimal Degrees","NAD83","",-111.83782,37.55983,2214,1,NA,NA,0,0,0,0,0,0,0,0,0,0,NA,NA,NA,NA,NA,NA,NA,NA,NA,NA,NA,NA,NA,NA,NA,NA,NA,NA,NA,NA,NA,NA,NA,NA,NA,NA,NA,NA,NA,NA,NA,NA,NA,"UNKNOWN",NA,NA,NA,NA,NA,NA,NA,NA,NA,NA,NA,NA,NA,NA,NA,NA,NA,NA,NA,-111.83782,37.55983,"2019-09-01","{9BC19BBB-444E-475B-8B1D-49C0C181201D}","19053116032020292019-09-01","UT_GrandStaircaseEscalanteNM_LUP_2019_5-4_03.mdb","DBROWNING",2020-05-06 11:49:04,"DBROWNING",2020-05-06 11:49:04,"UT","UT","Utah Grand Staircase Escalante NM 2019",NA,NA,NA,NA
"190516075014303","1906011204086290",2019-10-08 12:31:17,"PJ-325",2019-05-31 18:00:00,"UT","Kane","From Kanab BLM office get on US-89 N and proceed north for 59.8 miles. Turn right onto UT-12 E and continue east-northeast for 66.7 miles. Turn left and proceed north and northwest on Big Flat/BLM107 for 4.0 miles. Park and hike north to plot.",282.27999878,"mm","UNKNOWN","UNKNOWN","UNKNOWN",31,"94","CC","Other","Other",NA,"Decimal Degrees","NAD83","",-111.55178,37.76897,1986,1,NA,NA,0,0,0,0,0,0,0,0,0,0,NA,NA,NA,NA,NA,NA,NA,NA,NA,NA,NA,NA,NA,NA,NA,NA,NA,NA,NA,NA,NA,NA,NA,NA,NA,NA,NA,NA,NA,NA,NA,NA,NA,"UNKNOWN",NA,NA,NA,NA,NA,NA,NA,NA,NA,NA,NA,NA,NA,NA,NA,NA,NA,NA,NA,-111.55178,37.76897,"2019-09-01","{E60631B3-7ABD-47AE-A643-01650DCD1DD0}","19060112040862902019-09-01","UT_GrandStaircaseEscalanteNM_LUP_2019_5-4_03.mdb","DBROWNING",2020-05-06 11:49:04,"DBROWNING",2020-05-06 11:49:04,"UT","UT","Utah Grand Staircase Escalante NM 2019",NA,NA,NA,NA
"1906020720126606","1906020720396286",2019-10-08 12:46:25,"BigSage-019",2019-06-01 18:00:00,"UT","Kane","From Kanab BLM office turn right onto S 100 E, continue onto E Center St for 0.4 miles. Continue onto US-89 N/N 300 W for 59.8 miles. Turn right onto UT-12 E and continue for 66.0 miles. Turn right and head southeast on Rock Spring Road for 1.6 miles. Continue straight for 0.9 miles and then turn northeast for 0.5 miles. Hike west to plot.",257.97000122,"mm","R035XY222UT","5034","siltstone, limestone and shale residuum",12,"292","CC","Terrace**","Riser",NA,"Decimal Degrees","NAD83","",-111.47079,37.72977,1813,1,NA,NA,0,0,0,0,0,0,0,0,0,0,NA,NA,NA,NA,NA,NA,NA,NA,NA,NA,NA,NA,NA,NA,NA,NA,NA,NA,NA,NA,NA,NA,NA,NA,NA,NA,NA,NA,NA,NA,NA,NA,NA,"Nonip",NA,NA,NA,NA,NA,NA,NA,NA,NA,NA,NA,NA,NA,NA,NA,NA,NA,NA,NA,-111.47079,37.72977,"2019-09-01","{8C4FFF85-C862-4B35-B2E1-FB285915B545}","19060207203962862019-09-01","UT_GrandStaircaseEscalanteNM_LUP_2019_5-4_03.mdb","DBROWNING",2020-05-06 11:49:04,"DBROWNING",2020-05-06 11:49:04,"UT","UT","Utah Grand Staircase Escalante NM 2019",NA,NA,NA,NA
"1906021342288521","1906021342463961",2019-10-08 10:33:43,"Other-235",2019-06-01 18:00:00,"UT","Kane","From Kanab BLM office turn right onto US-89N/ N 300 W and continue for 59.8 miles. Turn right onto UT-12 E and continue for 70.2 miles. Turn right (southeast) onto Spencer Flat Road for 5.8 miles. Then turn right and continue southeast and then southwest for 1.6 miles. Take a very slight right and continue southwest 1.3 miles. Turn right and continue southwest for 0.9 miles. Park truck and hike southwest to plot.",216.58999634,"mm","R035XY225UT","5007","eolian sand",3,"246","CL","Other","Other",NA,"Decimal Degrees","NAD83","",-111.41272,37.65598,1581,1,NA,NA,0,0,0,0,0,0,0,0,0,0,NA,NA,NA,NA,NA,NA,NA,NA,NA,NA,NA,NA,NA,NA,NA,NA,NA,NA,NA,NA,NA,NA,NA,NA,NA,NA,NA,NA,NA,NA,NA,NA,NA,"Nalcase",NA,NA,NA,NA,NA,NA,NA,NA,NA,NA,NA,NA,NA,NA,NA,NA,NA,NA,NA,-111.41272,37.65598,"2019-09-01","{60413C45-6E42-4396-8AAA-D4B13D8E81A5}","19060213424639612019-09-01","UT_GrandStaircaseEscalanteNM_LUP_2019_5-4_03.mdb","DBROWNING",2020-05-06 11:49:04,"DBROWNING",2020-05-06 11:49:04,"UT","UT","Utah Grand Staircase Escalante NM 2019",NA,NA,NA,NA
"1905301809276686","1906030856443186",2019-10-08 10:31:59,"Grassland-163",2019-06-02 18:00:00,"UT","Garfield","From Kanab BLM office take Fairway Dr. to US-89 N/N 300 W and continue for 59.8 miles. Turn east (right) onto UT-12 E and continue for 86.6 miles. Take slight right onto Burr Trail Rd. and continue for 2.8 miles. Continue as Burr Trail Road turns southeast and then northeast for 19.0 miles. Turn left and continue northeast for 1.9 miles, then turn left again and continue northeast for 1.3 miles. Turn right and travel east-northeast 1.3 miles. Turn slightly left and head west for 423 feet before making another slight left and traveling 1.0 miles. Park and hike northeast to plot.",267.11999512,"mm","UNKNOWN","UNKNOWN","UNKNOWN",16,"120","VC","Hills/Mountains*","Summit",NA,"Decimal Degrees","NAD83","",-111.14397,37.98094,1982,1,NA,NA,0,0,0,0,0,0,0,0,0,0,NA,NA,NA,NA,NA,NA,NA,NA,NA,NA,NA,NA,NA,NA,NA,NA,NA,NA,NA,NA,NA,NA,NA,NA,NA,NA,NA,NA,NA,NA,NA,NA,NA,"UNKNOWN",NA,NA,NA,NA,NA,NA,NA,NA,NA,NA,NA,NA,NA,NA,NA,NA,NA,NA,NA,-111.14397,37.98094,"2019-09-01","{DCBD64C4-CEB2-4473-B2F9-11B126C2D30F}","19060308564431862019-09-01","UT_GrandStaircaseEscalanteNM_LUP_2019_5-4_03.mdb","DBROWNING",2020-05-06 11:49:04,"DBROWNING",2020-05-06 11:49:04,"UT","UT","Utah Grand Staircase Escalante NM 2019",NA,NA,NA,NA
"190516075014303","1906031315071291",2019-10-08 10:37:40,"PJ-324",2019-06-02 18:00:00,"UT","Garfield","From Kanab BLM office travel US-89 N/N 300 W for 59.8 miles. Turn right onto UT-12 E and continue east for 86.6 miles. Turn right onto Burr Trail Road and continue east and southeast for 2.8 miles. Continue southeast and northeast on Burr Trail Rd. for 18.2 miles. Park and hike northwest to plot.",246.42999268,"mm","R035XY221UT","5110","residuum",24,"32","CL","Hills/Mountains*","Backslope",NA,"Decimal Degrees","NAD83","",-111.19295,37.9401,1857,1,NA,NA,0,0,0,0,0,0,0,0,0,0,NA,NA,NA,NA,NA,NA,NA,NA,NA,NA,NA,NA,NA,NA,NA,NA,NA,NA,NA,NA,NA,NA,NA,NA,NA,NA,NA,NA,NA,NA,NA,NA,NA,"Reef",NA,NA,NA,NA,NA,NA,NA,NA,NA,NA,NA,NA,NA,NA,NA,NA,NA,NA,NA,-111.19295,37.9401,"2019-09-01","{669B2643-A40D-4B36-AF83-C0FF95FA5895}","19060313150712912019-09-01","UT_GrandStaircaseEscalanteNM_LUP_2019_5-4_03.mdb","DBROWNING",2020-05-06 11:49:04,"DBROWNING",2020-05-06 11:49:04,"UT","UT","Utah Grand Staircase Escalante NM 2019",NA,NA,NA,NA
"1905031203581228","1906131344401003",2019-10-08 10:45:05,"Shrub-611",2019-06-12 18:00:00,"UT","Kane","From Kanab BLM office turn north onto US-89 N/N 300 W and continue for 59.8 miles. Turn east onto UT-12 E and travel for 64.6 miles. Turn south (right) onto BLM 200/Hole in the Rock Road and continue for 32.9 miles.Turn left (northeast) onto BLM 255 for 1.6 miles. Park and hike west to plot.",185.27000427,"mm","R035XY121UT","5062","eolian sand",4,"322","LL","Terrace**","Tread",NA,"Decimal Degrees","NAD83","",-111.13463,37.41327,1437,1,NA,NA,0,0,0,0,0,0,0,0,0,0,NA,NA,NA,NA,NA,NA,NA,NA,NA,NA,NA,NA,NA,NA,NA,NA,NA,NA,NA,NA,NA,NA,NA,NA,NA,NA,NA,NA,NA,NA,NA,NA,NA,"Spooky",NA,NA,NA,NA,NA,NA,NA,NA,NA,NA,NA,NA,NA,NA,NA,NA,NA,NA,NA,-111.13463,37.41327,"2019-09-01","{BC618605-318F-4720-9E97-3A6031A1DC57}","19061313444010032019-09-01","UT_GrandStaircaseEscalanteNM_LUP_2019_5-4_03.mdb","DBROWNING",2020-05-06 11:49:04,"DBROWNING",2020-05-06 11:49:04,"UT","UT","Utah Grand Staircase Escalante NM 2019",NA,NA,NA,NA
"1905020835449328","1906140739514785",2019-10-08 10:27:25,"Blackbrush-097",2019-06-13 18:00:00,"UT","Kane","From Kanab BLM office take Fairway Dr. to US-89 N/N 300 W and continue for 59.8 miles. Turn east (right) onto UT-12 E and continue for 64.6 miles. Turn slightly right onto BLM 200/Hole in the Rock Rd and continue southeast for 25.1 miles. Park and hike northeast to plot.",198.77999878,"mm","R035XY121UT","5049","alluvium",11,"30","LV","Terrace**","Riser",NA,"Decimal Degrees","NAD83","",-111.23384,37.47577,1480,1,NA,NA,0,0,0,0,0,0,0,0,0,0,NA,NA,NA,NA,NA,NA,NA,NA,NA,NA,NA,NA,NA,NA,NA,NA,NA,NA,NA,NA,NA,NA,NA,NA,NA,NA,NA,NA,NA,NA,NA,NA,NA,"Moffat",NA,NA,NA,NA,NA,NA,NA,NA,NA,NA,NA,NA,NA,NA,NA,NA,NA,NA,NA,-111.23384,37.47577,"2019-09-01","{1B954687-44F3-4F7C-BFD0-58EFFB20625C}","19061407395147852019-09-01","UT_GrandStaircaseEscalanteNM_LUP_2019_5-4_03.mdb","DBROWNING",2020-05-06 11:49:04,"DBROWNING",2020-05-06 11:49:04,"UT","UT","Utah Grand Staircase Escalante NM 2019",NA,NA,NA,NA
"1905041505375010","190614125423502",2019-10-08 10:47:01,"Shade-684",2019-06-13 18:00:00,"UT","Kane","From Kanab BLM office head north on US-89 N for 59.8 miles. Turn east (right) onto UT-12E and continue for 64.6 miles. Turn south (right) onto BLM200/Hole in the Rock Rd. and continue for 14.7 miles. Park and hike southwest to plot.",218.41000366,"mm","R035XY212UT","5001","eolian sand",13,"64","CC","Terrace**","Riser",NA,"Decimal Degrees","NAD83","",-111.38667,37.55716,1585,1,NA,NA,0,0,0,0,0,0,0,0,0,0,NA,NA,NA,NA,NA,NA,NA,NA,NA,NA,NA,NA,NA,NA,NA,NA,NA,NA,NA,NA,NA,NA,NA,NA,NA,NA,NA,NA,NA,NA,NA,NA,NA,"Mido",NA,NA,NA,NA,NA,NA,NA,NA,NA,NA,NA,NA,NA,NA,NA,NA,NA,NA,NA,-111.38667,37.55716,"2019-09-01","{0582FE78-16F3-409F-B6CD-F79C1B003683}","1906141254235022019-09-01","UT_GrandStaircaseEscalanteNM_LUP_2019_5-4_03.mdb","DBROWNING",2020-05-06 11:49:04,"DBROWNING",2020-05-06 11:49:04,"UT","UT","Utah Grand Staircase Escalante NM 2019",NA,NA,NA,NA
"1905301809276686","1906150753312136",2019-10-08 10:32:55,"Grassland-165",2019-06-14 18:00:00,"UT","Kane","From Kanab BLM office take Fairway Dr. to US-89 N/N 300 W and continue for 59.8 miles. Turn east (right) onto UT-12 E and continue for  25.7 miles. Turn slightly right and continue south for 2.6 miles. Continue southeast on Cottonwood Canyon Rd for 5.4 miles. Turn right and head more southerly for 3.5 miles. Continue straight, heading southeast and then east for 0.7 miles. Park and hike north to plot.",293.3999939,"mm","R035XY307UT","5181","eolian sand",11,"252","LC","Terrace**","Tread",NA,"Decimal Degrees","NAD83","",-111.96382,37.45514,1845,1,NA,NA,0,0,0,0,0,0,0,0,0,0,NA,NA,NA,NA,NA,NA,NA,NA,NA,NA,NA,NA,NA,NA,NA,NA,NA,NA,NA,NA,NA,NA,NA,NA,NA,NA,NA,NA,NA,NA,NA,NA,NA,"Pinepoint",NA,NA,NA,NA,NA,NA,NA,NA,NA,NA,NA,NA,NA,NA,NA,NA,NA,NA,NA,-111.96382,37.45514,"2019-09-01","{7D27822A-8D4E-4CE1-B9E3-A061EE575DC5}","19061507533121362019-09-01","UT_GrandStaircaseEscalanteNM_LUP_2019_5-4_03.mdb","DBROWNING",2020-05-06 11:49:04,"DBROWNING",2020-05-06 11:49:04,"UT","UT","Utah Grand Staircase Escalante NM 2019",NA,NA,NA,NA
"1905041505375010","1906151240298079",2019-10-08 10:47:25,"Shade-685",2019-06-14 18:00:00,"UT","Kane","From Kanab BLM office turn east (left) onto US-89 S/E 300 S and continue for 45.3 miles. Then turn north (left) onto Cottonwood Canyon Rd and continue for 29.2 miles. Turn east (right) and continue east and southeasterly for 4.1 miles. Turn right and continue southeast for 0.2 miles. Park and hike southwest to plot.",288.52999878,"mm","R035XY209UT","5142","alluvium",3,"232","LL","Terrace**","Tread",NA,"Decimal Degrees","NAD83","",-111.79736,37.42783,1742,1,NA,NA,0,0,0,0,0,0,0,0,0,0,NA,NA,NA,NA,NA,NA,NA,NA,NA,NA,NA,NA,NA,NA,NA,NA,NA,NA,NA,NA,NA,NA,NA,NA,NA,NA,NA,NA,NA,NA,NA,NA,NA,"Atrac",NA,NA,NA,NA,NA,NA,NA,NA,NA,NA,NA,NA,NA,NA,NA,NA,NA,NA,NA,-111.79736,37.42783,"2019-09-01","{48A5A4A5-6F60-4ABD-AF5B-30427A5FD083}","19061512402980792019-09-01","UT_GrandStaircaseEscalanteNM_LUP_2019_5-4_03.mdb","DBROWNING",2020-05-06 11:49:04,"DBROWNING",2020-05-06 11:49:04,"UT","UT","Utah Grand Staircase Escalante NM 2019",NA,NA,NA,NA
"1906020720126606","1906160933257663",2019-10-08 10:09:13,"BigSage-023",2019-06-15 18:00:00,"UT","Kane","From the BLM office in Kanab, head north on S 100 E for 0.4 miles then head east on US-89S/E 300 S for 30 miles. Park and hike northwest to plot.",259.30999756,"mm","UNKNOWN","UNKNOWN","UNKNOWN",1,"10","LL","Flat Plain","",NA,"Decimal Degrees","NAD83","",-112.0389,37.17689,1652,1,NA,NA,0,0,0,0,0,0,0,0,0,0,NA,NA,NA,NA,NA,NA,NA,NA,NA,NA,NA,NA,NA,NA,NA,NA,NA,NA,NA,NA,NA,NA,NA,NA,NA,NA,NA,NA,NA,NA,NA,NA,NA,"UNKNOWN",NA,NA,NA,NA,NA,NA,NA,NA,NA,NA,NA,NA,NA,NA,NA,NA,NA,NA,NA,-112.0389,37.17689,"2019-09-01","{02125087-E34E-46B3-B5CF-5463BDFEC030}","19061609332576632019-09-01","UT_GrandStaircaseEscalanteNM_LUP_2019_5-4_03.mdb","DBROWNING",2020-05-06 11:49:04,"DBROWNING",2020-05-06 11:49:04,"UT","UT","Utah Grand Staircase Escalante NM 2019",NA,NA,NA,NA
"1906020720126606","1906170729593194",2019-10-08 10:08:27,"BigSage-018",2019-06-16 18:00:00,"UT","Kane","From the BLM office in Kanab head east on US-89S/E 300 S for 26.1 miles. Turn north onto 508 for 10.1 miles. Continue northeast onto Buckskin Wash Rd for 3.7 miles. Continue northeast onto Oil Well Rd for 1.1 miles. Hike northwest to plot.",275.94000244,"mm","UNKNOWN","UNKNOWN","UNKNOWN",4,"44","LL","Terrace**","Tread",NA,"Decimal Degrees","NAD83","",-112.07782,37.30553,1714,1,NA,NA,0,0,0,0,0,0,0,0,0,0,NA,NA,NA,NA,NA,NA,NA,NA,NA,NA,NA,NA,NA,NA,NA,NA,NA,NA,NA,NA,NA,NA,NA,NA,NA,NA,NA,NA,NA,NA,NA,NA,NA,"UNKNOWN",NA,NA,NA,NA,NA,NA,NA,NA,NA,NA,NA,NA,NA,NA,NA,NA,NA,NA,NA,-112.07782,37.30553,"2019-09-01","{108D312F-F5D5-4C0B-8220-E6045ED60A3F}","19061707295931942019-09-01","UT_GrandStaircaseEscalanteNM_LUP_2019_5-4_03.mdb","DBROWNING",2020-05-06 11:49:04,"DBROWNING",2020-05-06 11:49:04,"UT","UT","Utah Grand Staircase Escalante NM 2019",NA,NA,NA,NA
"1905041505375010","1906180744329357",2019-11-22 08:04:40,"Shade-686",2019-06-17 18:00:00,"UT","Kane","From Kanab BLM office turn east (left) onto US-89 S/E 300 S and continue for 45.3 miles. Then turn north (left) onto Cottonwood Canyon Rd and continue for 1.5 miles. Turn tight and continue northeast for 0.1 miles. Keep straight (northeast) for another 3.7 miles. Turn sharp right and curve southeast for 1.0 mile. Take a sharp right to contine southeast for 0.8 miles. Park and hike southeast to plot.",189.99000549,"mm","UNKNOWN","UNKNOWN","UNKNOWN",25,"360","CC","Hills/Mountains*","Backslope",NA,"Decimal Degrees","NAD83","",-111.78829,37.14321,1329,1,NA,NA,0,0,0,0,0,0,0,0,0,0,NA,NA,NA,NA,NA,NA,NA,NA,NA,NA,NA,NA,NA,NA,NA,NA,NA,NA,NA,NA,NA,NA,NA,NA,NA,NA,NA,NA,NA,NA,NA,NA,NA,"UNKNOWN",NA,NA,NA,NA,NA,NA,NA,NA,NA,NA,NA,NA,NA,NA,NA,NA,NA,NA,NA,-111.78829,37.14321,"2019-09-01","{754F4E07-EF26-47F9-9B3B-8FB312822F97}","19061807443293572019-09-01","UT_GrandStaircaseEscalanteNM_LUP_2019_5-4_03.mdb","DBROWNING",2020-05-06 11:49:04,"DBROWNING",2020-05-06 11:49:04,"UT","UT","Utah Grand Staircase Escalante NM 2019",NA,NA,NA,NA
"1906020720126606","1906281404569600",2019-11-22 08:04:53,"BigSage-022",2019-06-27 18:00:00,"UT","Kane","From Kanab BLM office head north on US-89 N/N 300 W for 59.8 miles. Turn east onto UT-12 E. In 25.7 miles turn right and head south onto Kodachrome Rd/Main St for 2.6 miles. Continue south onto Cottonwood Canyon Rd and proceed for 14.2 miles, then turn east for 3.0 miles. Turn right and head south for 5.7 miles. Hike east to plot.",295.79998779,"mm","R035XY216UT","5130","alluvium",6,"360","LC","Flat Plain","",NA,"Decimal Degrees","NAD83","",-111.81871,37.36708,1732,1,NA,NA,0,0,0,0,0,0,0,0,0,0,NA,NA,NA,NA,NA,NA,NA,NA,NA,NA,NA,NA,NA,NA,NA,NA,NA,NA,NA,NA,NA,NA,NA,NA,NA,NA,NA,NA,NA,NA,NA,NA,NA,"Progresso",NA,NA,NA,NA,NA,NA,NA,NA,NA,NA,NA,NA,NA,NA,NA,NA,NA,NA,NA,-111.81871,37.36708,"2019-09-01","{658B2BC5-D5ED-4DA5-A7A4-133F5B6986C8}","19062814045696002019-09-01","UT_GrandStaircaseEscalanteNM_LUP_2019_5-4_03.mdb","DBROWNING",2020-05-06 11:49:04,"DBROWNING",2020-05-06 11:49:04,"UT","UT","Utah Grand Staircase Escalante NM 2019",NA,NA,NA,NA
"1906021342288521","1906291026374906",2019-10-08 10:34:14,"Other-237",2019-06-28 18:00:00,"UT","Kane","From Kanab BLM office head north on S 100 E for 0.4 miles, then turn right onto US-89 S/E 300 S and continue for 45.3 miles. Turn left onto Cottonwood Canyon Rd and continue north for 29.2 miles. Turn right and travel northeast for 12.0 miles. Take a slight right and continue northeast for 2.0 miles. Park and hike northeast.",291.47000122,"mm","UNKNOWN","UNKNOWN","UNKNOWN",29,"100","CC","Terrace**","Riser",NA,"Decimal Degrees","NAD83","",-111.65685,37.38731,1799,1,NA,NA,0,0,0,0,0,0,0,0,0,0,NA,NA,NA,NA,NA,NA,NA,NA,NA,NA,NA,NA,NA,NA,NA,NA,NA,NA,NA,NA,NA,NA,NA,NA,NA,NA,NA,NA,NA,NA,NA,NA,NA,"UNKNOWN",NA,NA,NA,NA,NA,NA,NA,NA,NA,NA,NA,NA,NA,NA,NA,NA,NA,NA,NA,-111.65685,37.38731,"2019-09-01","{8E063B79-9474-47F7-9F8B-764FCD24C986}","19062910263749062019-09-01","UT_GrandStaircaseEscalanteNM_LUP_2019_5-4_03.mdb","DBROWNING",2020-05-06 11:49:04,"DBROWNING",2020-05-06 11:49:04,"UT","UT","Utah Grand Staircase Escalante NM 2019",NA,NA,NA,NA
"190516075014303","1907110806586207",2019-10-08 10:37:11,"PJ-322",2019-07-10 18:00:00,"UT","Kane","From Kanab BLM office head north on S 100 E for 0.4 miles then continue east onto US-89 S/E 300 S for 55.7 miles. Turn left (northeast) onto Ethan Allen for 479 feet. Turn right onto County Road  then travel east for 0.5 mile. Turn right again to stay on County Rd/NP 230 for 12.1 miles. Make a slight right to head east onto NP 230/Smokey Mountain Rd for 1.0 miles. Turn right and travel north and then west on Croton Rd/NP 230 for 21.9 miles. Turn right onto BLM 340/Croton Rd and continue north for 10.0 miles. Keep right (north) for 0.4 miles on BLM 340/Croton Rd. Park and hike southwest to plot.",295.48999023,"mm","UNKNOWN","UNKNOWN","UNKNOWN",8,"202","CV","Terrace**","Tread",NA,"Decimal Degrees","NAD83","",-111.39407,37.29618,1762,1,NA,NA,0,0,0,0,0,0,0,0,0,0,NA,NA,NA,NA,NA,NA,NA,NA,NA,NA,NA,NA,NA,NA,NA,NA,NA,NA,NA,NA,NA,NA,NA,NA,NA,NA,NA,NA,NA,NA,NA,NA,NA,"UNKNOWN",NA,NA,NA,NA,NA,NA,NA,NA,NA,NA,NA,NA,NA,NA,NA,NA,NA,NA,NA,-111.39407,37.29618,"2019-09-01","{144651EB-C2CB-4291-B178-48B9F9519C97}","19071108065862072019-09-01","UT_GrandStaircaseEscalanteNM_LUP_2019_5-4_03.mdb","DBROWNING",2020-05-06 11:49:04,"DBROWNING",2020-05-06 11:49:04,"UT","UT","Utah Grand Staircase Escalante NM 2019",NA,NA,NA,NA
"1905020835449328","190711140649226",2019-10-08 10:30:07,"Blackbrush-100",2019-07-10 18:00:00,"UT","Kane","From Kanab BLM office head north on S 100 E and then east onto US-89S/E 300 S for 55.7 miles. Turn left (northeast) on Ethan Allen for 479 feet and then right (east) onto County Road/NP 230  for 12.1 miles. Make another right and contine east onto NP 230/Smokey Mountain Rd for 1.0 mile. Then make another slight right onto Croton Rd/NP 230 and continue generally east and then north for 21.9 miles. Turn northwest (left) onto BLM 340/Croton Rd. for 0.4 miles. Park and hike north to point.",193.25,"mm","R035XY139UT","5154","alluvium",22,"240","LL","Terrace**","Tread",NA,"Decimal Degrees","NAD83","",-111.31608,37.25738,1245,1,NA,NA,0,0,0,0,0,0,0,0,0,0,NA,NA,NA,NA,NA,NA,NA,NA,NA,NA,NA,NA,NA,NA,NA,NA,NA,NA,NA,NA,NA,NA,NA,NA,NA,NA,NA,NA,NA,NA,NA,NA,NA,"Dient",NA,NA,NA,NA,NA,NA,NA,NA,NA,NA,NA,NA,NA,NA,NA,NA,NA,NA,NA,-111.31608,37.25738,"2019-09-01","{5BC47E0A-0FC4-49D7-8857-4C9CBDCC8FF6}","1907111406492262019-09-01","UT_GrandStaircaseEscalanteNM_LUP_2019_5-4_03.mdb","DBROWNING",2020-05-06 11:49:04,"DBROWNING",2020-05-06 11:49:04,"UT","UT","Utah Grand Staircase Escalante NM 2019",NA,NA,NA,NA
"1905041505375010","1907120726577165",2019-10-08 10:48:32,"Shade-688",2019-07-11 18:00:00,"UT","Kane","From Kanab BLM office turn left onto Fairway Dr proceed southeast for 0.2 miles. Turn left onto US-89S/E 300 S and continue east for 55.7 miles. Turn north (left) on Ethan Allen and in 0.3 miles/479 feet turn northeast (right) onto County Rd. Continue for 0.5 mile and then turn right (southeast) on County Rd/NP 230. Proceed east-northeast for 12.1 miles. Take a slight south (right) turn on NP 230/Smokey Mountain Rd and continue for 1.0 mile. Continue straight (northeast) onto BLM 330/Smokey Mountain Rd and proceed for 0.5 mile. Park and hike southeast to plot.",168.19000244,"mm","R035XY136UT","36","See Notes",4,"226","CC","Floodplain/Flood basin","",NA,"Decimal Degrees","NAD83","",-111.47471,37.14,1218,1,NA,NA,0,0,0,0,0,0,0,0,0,0,NA,NA,NA,NA,NA,NA,NA,NA,NA,NA,NA,NA,NA,NA,NA,NA,NA,NA,NA,NA,NA,NA,NA,NA,NA,NA,NA,NA,NA,NA,NA,NA,NA,"Seeg",NA,NA,NA,NA,NA,NA,NA,NA,NA,NA,NA,NA,NA,NA,NA,NA,NA,NA,NA,-111.47471,37.14,"2019-09-01","{CF069B8F-18DC-4DCB-9218-AF82A7E31D2C}","19071207265771652019-09-01","UT_GrandStaircaseEscalanteNM_LUP_2019_5-4_03.mdb","DBROWNING",2020-05-06 11:49:04,"DBROWNING",2020-05-06 11:49:04,"UT","UT","Utah Grand Staircase Escalante NM 2019",NA,NA,NA,NA
"1907121233439789","1907121234025592",2019-10-08 10:42:29,"Riparian-475",2019-07-11 18:00:00,"UT","Kane","From Kanab BLM office head north on S 100 E then east onto US-89S/E 300 S for 55.7 miles. Then head north (left) on Ethan Allen for 0.6 miles, then west (left) onto Fish Hatchery Rd. for 2.0 miles before continuing onto Nipple Canyon for 0.5 miles. Nipple Canyon turns slightly south (left) and becomes BLM327/Nipple Creek Rd. Continue for a total of 9.8 miles. Turn slightly west (right) for 0.2 miles and then north (right) for 5.6 miles. Turn west (right) onto BLM 326/Nipple Bench Rd. for 6 miles. Park and hike northwest to plot.",209.91000366,"mm","UNKNOWN","UNKNOWN","UNKNOWN",22,"18","CL","Terrace**","Tread",NA,"Decimal Degrees","NAD83","",-111.53549,37.13984,1255,1,NA,NA,0,0,0,0,0,0,0,0,0,0,NA,NA,NA,NA,NA,NA,NA,NA,NA,NA,NA,NA,NA,NA,NA,NA,NA,NA,NA,NA,NA,NA,NA,NA,NA,NA,NA,NA,NA,NA,NA,NA,NA,"UNKNOWN",NA,NA,NA,NA,NA,NA,NA,NA,NA,NA,NA,NA,NA,NA,NA,NA,NA,NA,NA,-111.53549,37.13984,"2019-09-01","{18AACF48-C46D-4D5F-AD3D-9FE3F111222D}","19071212340255922019-09-01","UT_GrandStaircaseEscalanteNM_LUP_2019_5-4_03.mdb","DBROWNING",2020-05-06 11:49:04,"DBROWNING",2020-05-06 11:49:04,"UT","UT","Utah Grand Staircase Escalante NM 2019",NA,NA,NA,NA
"1905021444289840","1907130718234316",2019-10-08 10:44:25,"Salt-546",2019-07-12 18:00:00,"UT","Kane","From Kanab BLM office head north on S 100 E for 0.4 miles then continue east onto US-89 S/E 300 S for 55.7 miles. Turn left (northeast) onto Ethan Allen for 479 feet. Turn right onto County Road  then travel east for 0.5 mile. Turn right again to stay on County Rd/NP 230 for 12.1 miles. Make a slight right to head east onto NP 230/Smokey Mountain Rd for 1.0 miles. Continue straight onto BLM 330/Smoky Mountain Rd to head northeast and the northwest for 15.7 miles. Turn left and head east on BLM320/Head of the Creek Rd for 2.7 miles. Park and hike southeast to plot.",298.01998901,"mm","R035XY230UT","5098","slope alluvium",4,"256","CV","Terrace**","Tread",NA,"Decimal Degrees","NAD83","",-111.55694,37.28462,1602,1,NA,NA,0,0,0,0,0,0,0,0,0,0,NA,NA,NA,NA,NA,NA,NA,NA,NA,NA,NA,NA,NA,NA,NA,NA,NA,NA,NA,NA,NA,NA,NA,NA,NA,NA,NA,NA,NA,NA,NA,NA,NA,"Skyvillage",NA,NA,NA,NA,NA,NA,NA,NA,NA,NA,NA,NA,NA,NA,NA,NA,NA,NA,NA,-111.55694,37.28462,"2019-09-01","{CE920B60-3FE7-4147-98DD-EA30E2A2BB11}","19071307182343162019-09-01","UT_GrandStaircaseEscalanteNM_LUP_2019_5-4_03.mdb","DBROWNING",2020-05-06 11:49:04,"DBROWNING",2020-05-06 11:49:04,"UT","UT","Utah Grand Staircase Escalante NM 2019",NA,NA,NA,NA
"1905031203581228","1907131309395217",2019-10-08 10:45:49,"Shrub-613",2019-07-12 18:00:00,"UT","Kane","From Kanab BLM office head north on S 100 E for 0.4 miles. Turn east onto US-89 S/ E 300 S. Continue for 50.2 miles. Then turn north (left) onto K7065. In 2.6 miles continue northwest onto K7065 for 0.7 miles. Park and hike west to plot.",183.6499939,"mm","UNKNOWN","UNKNOWN","UNKNOWN",4,"228","CC","Flat Plain","",NA,"Decimal Degrees","NAD83","",-111.77863,37.13272,1337,1,NA,NA,0,0,0,0,0,0,0,0,0,0,NA,NA,NA,NA,NA,NA,NA,NA,NA,NA,NA,NA,NA,NA,NA,NA,NA,NA,NA,NA,NA,NA,NA,NA,NA,NA,NA,NA,NA,NA,NA,NA,NA,"UNKNOWN",NA,NA,NA,NA,NA,NA,NA,NA,NA,NA,NA,NA,NA,NA,NA,NA,NA,NA,NA,-111.77863,37.13272,"2019-09-01","{75C18BCA-58C7-4889-A3AC-17A4EA5D6F05}","19071313093952172019-09-01","UT_GrandStaircaseEscalanteNM_LUP_2019_5-4_03.mdb","DBROWNING",2020-05-06 11:49:04,"DBROWNING",2020-05-06 11:49:04,"UT","UT","Utah Grand Staircase Escalante NM 2019",NA,NA,NA,NA
