"RecKey","BoxNum","Line1","Line2","Line3","Line4","Line5","Line6","Pos1","Pos2","Pos3","Pos4","Pos5","Pos6","Pos7","Pos8","Pos9","Pos10","Pos11","Pos12","Pos13","Pos14","Pos15","Pos16","Pos17","Pos18","Veg1","Veg2","Veg3","Veg4","Veg5","Veg6","Veg7","Veg8","Veg9","Veg10","Veg11","Veg12","Veg13","Veg14","Veg15","Veg16","Veg17","Veg18","Rating1","Rating2","Rating3","Rating4","Rating5","Rating6","Rating7","Rating8","Rating9","Rating10","Rating11","Rating12","Rating13","Rating14","Rating15","Rating16","Rating17","Rating18","Hydro1","Hydro2","Hydro3","Hydro4","Hydro5","Hydro6","Hydro7","Hydro8","Hydro9","Hydro10","Hydro11","Hydro12","Hydro13","Hydro14","Hydro15","Hydro16","Hydro17","Hydro18","DateLoadedInDb","PrimaryKey","DBKey","created_user","created_date","last_edited_user","last_edited_date"
"1908091518034003",1,"1","1","2","2","3","3","4","8","12","16","20","24","4","8","12","16","20","24","4","8","12","16","20","24","Sh","NC","NC","NC","NC","NC","NC","Sh","Sh","NC","NC","NC","NC","G","NC","NC","Sh","Sh",6,6,6,6,2,2,4,6,6,1,1,2,6,6,6,2,5,2,0,0,0,0,0,0,0,0,0,0,0,0,0,0,0,0,0,0,"2019-09-01","19072713475468532019-09-01","UT_GrandStaircaseEscalanteNM_LUP_2019_5-4_03.mdb","DBROWNING",2020-05-06 11:49:31,"DBROWNING",2020-05-06 11:49:31
"1908091518034003",2,NA,NA,NA,NA,NA,NA,"","","","","","","","","","","","","","","","","","",NA,NA,NA,NA,NA,NA,NA,NA,NA,NA,NA,NA,NA,NA,NA,NA,NA,NA,NA,NA,NA,NA,NA,NA,NA,NA,NA,NA,NA,NA,NA,NA,NA,NA,NA,NA,0,0,0,0,0,0,0,0,0,0,0,0,0,0,0,0,0,0,"2019-09-01","19072713475468532019-09-01","UT_GrandStaircaseEscalanteNM_LUP_2019_5-4_03.mdb","DBROWNING",2020-05-06 11:49:31,"DBROWNING",2020-05-06 11:49:31
"1908091518034003",3,NA,NA,NA,NA,NA,NA,"","","","","","","","","","","","","","","","","","",NA,NA,NA,NA,NA,NA,NA,NA,NA,NA,NA,NA,NA,NA,NA,NA,NA,NA,NA,NA,NA,NA,NA,NA,NA,NA,NA,NA,NA,NA,NA,NA,NA,NA,NA,NA,0,0,0,0,0,0,0,0,0,0,0,0,0,0,0,0,0,0,"2019-09-01","19072713475468532019-09-01","UT_GrandStaircaseEscalanteNM_LUP_2019_5-4_03.mdb","DBROWNING",2020-05-06 11:49:31,"DBROWNING",2020-05-06 11:49:31
"1908091556472135",1,"1","1","2","2","3","3","4","8","12","16","21.5","24","4","8","12","16","20","24","4","8","12","16","20","24","T","NC","Sh","Sh","NC","T","NC","T","NC","Sh","T","NC","NC","T","NC","Sh","T","NC",5,2,3,1,6,4,2,2,2,3,3,5,6,6,2,6,6,6,0,0,0,0,0,0,0,0,0,0,0,0,0,0,0,0,1,0,"2019-09-01","19073008244487192019-09-01","UT_GrandStaircaseEscalanteNM_LUP_2019_5-4_03.mdb","DBROWNING",2020-05-06 11:49:31,"DBROWNING",2020-05-06 11:49:31
"1908091556472135",2,NA,NA,NA,NA,NA,NA,"","","","","","","","","","","","","","","","","","",NA,NA,NA,NA,NA,NA,NA,NA,NA,NA,NA,NA,NA,NA,NA,NA,NA,NA,NA,NA,NA,NA,NA,NA,NA,NA,NA,NA,NA,NA,NA,NA,NA,NA,NA,NA,0,0,0,0,0,0,0,0,0,0,0,0,0,0,0,0,0,0,"2019-09-01","19073008244487192019-09-01","UT_GrandStaircaseEscalanteNM_LUP_2019_5-4_03.mdb","DBROWNING",2020-05-06 11:49:31,"DBROWNING",2020-05-06 11:49:31
"1908091556472135",3,NA,NA,NA,NA,NA,NA,"","","","","","","","","","","","","","","","","","",NA,NA,NA,NA,NA,NA,NA,NA,NA,NA,NA,NA,NA,NA,NA,NA,NA,NA,NA,NA,NA,NA,NA,NA,NA,NA,NA,NA,NA,NA,NA,NA,NA,NA,NA,NA,0,0,0,0,0,0,0,0,0,0,0,0,0,0,0,0,0,0,"2019-09-01","19073008244487192019-09-01","UT_GrandStaircaseEscalanteNM_LUP_2019_5-4_03.mdb","DBROWNING",2020-05-06 11:49:31,"DBROWNING",2020-05-06 11:49:31
"1908091629447740",1,"1","1","2","2","3","3","4","8","12","16","20","24","4","8","12","16","20","24","4","8","12","16","20","24","NC","G","NC","NC","NC","NC","NC","G","NC","NC","NC","G","NC","NC","NC","NC","NC","G",1,1,6,6,6,6,3,6,3,5,3,3,1,1,1,1,1,1,0,0,0,0,0,0,0,0,0,0,0,0,0,0,0,0,0,0,"2019-09-01","19072708254210942019-09-01","UT_GrandStaircaseEscalanteNM_LUP_2019_5-4_03.mdb","DBROWNING",2020-05-06 11:49:31,"DBROWNING",2020-05-06 11:49:31
"1908091629447740",2,NA,NA,NA,NA,NA,NA,"","","","","","","","","","","","","","","","","","",NA,NA,NA,NA,NA,NA,NA,NA,NA,NA,NA,NA,NA,NA,NA,NA,NA,NA,NA,NA,NA,NA,NA,NA,NA,NA,NA,NA,NA,NA,NA,NA,NA,NA,NA,NA,0,0,0,0,0,0,0,0,0,0,0,0,0,0,0,0,0,0,"2019-09-01","19072708254210942019-09-01","UT_GrandStaircaseEscalanteNM_LUP_2019_5-4_03.mdb","DBROWNING",2020-05-06 11:49:31,"DBROWNING",2020-05-06 11:49:31
"1908091629447740",3,NA,NA,NA,NA,NA,NA,"","","","","","","","","","","","","","","","","","",NA,NA,NA,NA,NA,NA,NA,NA,NA,NA,NA,NA,NA,NA,NA,NA,NA,NA,NA,NA,NA,NA,NA,NA,NA,NA,NA,NA,NA,NA,NA,NA,NA,NA,NA,NA,0,0,0,0,0,0,0,0,0,0,0,0,0,0,0,0,0,0,"2019-09-01","19072708254210942019-09-01","UT_GrandStaircaseEscalanteNM_LUP_2019_5-4_03.mdb","DBROWNING",2020-05-06 11:49:31,"DBROWNING",2020-05-06 11:49:31
"1906031844469158",1,"1","1","2","2","3","3","4","8","12","16","20","24","4","8","12","16","20","24","4","8","12.10","16","20","24","NC","T","NC","NC","NC","NC","NC","NC","NC","NC","NC","NC","NC","T","T","NC","NC","T",4,6,3,6,6,2,2,6,2,1,1,1,5,4,6,3,1,3,0,0,0,0,0,0,0,0,0,0,0,0,0,0,0,0,0,0,"2019-09-01","19060308564431862019-09-01","UT_GrandStaircaseEscalanteNM_LUP_2019_5-4_03.mdb","DBROWNING",2020-05-06 11:49:31,"DBROWNING",2020-05-06 11:49:31
"1906031844469158",2,NA,NA,NA,NA,NA,NA,"","","","","","","","","","","","","","","","","","",NA,NA,NA,NA,NA,NA,NA,NA,NA,NA,NA,NA,NA,NA,NA,NA,NA,NA,NA,NA,NA,NA,NA,NA,NA,NA,NA,NA,NA,NA,NA,NA,NA,NA,NA,NA,0,0,0,0,0,0,0,0,0,0,0,0,0,0,0,0,0,0,"2019-09-01","19060308564431862019-09-01","UT_GrandStaircaseEscalanteNM_LUP_2019_5-4_03.mdb","DBROWNING",2020-05-06 11:49:31,"DBROWNING",2020-05-06 11:49:31
"1906031844469158",3,NA,NA,NA,NA,NA,NA,"","","","","","","","","","","","","","","","","","",NA,NA,NA,NA,NA,NA,NA,NA,NA,NA,NA,NA,NA,NA,NA,NA,NA,NA,NA,NA,NA,NA,NA,NA,NA,NA,NA,NA,NA,NA,NA,NA,NA,NA,NA,NA,0,0,0,0,0,0,0,0,0,0,0,0,0,0,0,0,0,0,"2019-09-01","19060308564431862019-09-01","UT_GrandStaircaseEscalanteNM_LUP_2019_5-4_03.mdb","DBROWNING",2020-05-06 11:49:31,"DBROWNING",2020-05-06 11:49:31
"1906031910343886",1,"1","1","2","2","3","3","4","8","12","16","21","24","4","8","12","16","20","24","4.30","8","12","16","20","24","NC","NC","NC","NC","NC","NC","NC","NC","NC","NC","NC","NC","NC","NC","NC","NC","NC","NC",6,6,2,6,3,6,6,1,6,6,1,6,5,6,6,6,6,6,0,0,0,0,0,0,0,0,0,0,0,0,0,0,0,0,0,0,"2019-09-01","19060213424639612019-09-01","UT_GrandStaircaseEscalanteNM_LUP_2019_5-4_03.mdb","DBROWNING",2020-05-06 11:49:31,"DBROWNING",2020-05-06 11:49:31
"1906031910343886",2,NA,NA,NA,NA,NA,NA,"","","","","","","","","","","","","","","","","","",NA,NA,NA,NA,NA,NA,NA,NA,NA,NA,NA,NA,NA,NA,NA,NA,NA,NA,NA,NA,NA,NA,NA,NA,NA,NA,NA,NA,NA,NA,NA,NA,NA,NA,NA,NA,0,0,0,0,0,0,0,0,0,0,0,0,0,0,0,0,0,0,"2019-09-01","19060213424639612019-09-01","UT_GrandStaircaseEscalanteNM_LUP_2019_5-4_03.mdb","DBROWNING",2020-05-06 11:49:31,"DBROWNING",2020-05-06 11:49:31
"1906031910343886",3,NA,NA,NA,NA,NA,NA,"","","","","","","","","","","","","","","","","","",NA,NA,NA,NA,NA,NA,NA,NA,NA,NA,NA,NA,NA,NA,NA,NA,NA,NA,NA,NA,NA,NA,NA,NA,NA,NA,NA,NA,NA,NA,NA,NA,NA,NA,NA,NA,0,0,0,0,0,0,0,0,0,0,0,0,0,0,0,0,0,0,"2019-09-01","19060213424639612019-09-01","UT_GrandStaircaseEscalanteNM_LUP_2019_5-4_03.mdb","DBROWNING",2020-05-06 11:49:31,"DBROWNING",2020-05-06 11:49:31
"190507084020429",1,"1","1","2","2","3","3","4","8","12","16","20","24","4","8","16","16","20","24","4","8","12","16","20","24","Sh","F","F","F","F","F","NC","F","NC","F","F","F","G","NC","NC","Sh","Sh","F",2,5,1,3,2,2,2,3,6,2,1,3,5,6,6,6,6,1,0,0,0,0,0,0,0,0,0,0,0,0,0,0,0,0,0,0,"2019-09-01","19050312041751162019-09-01","UT_GrandStaircaseEscalanteNM_LUP_2019_5-4_03.mdb","DBROWNING",2020-05-06 11:49:31,"DBROWNING",2020-05-06 11:49:31
"190507084020429",2,NA,NA,NA,NA,NA,NA,"","","","","","","","","","","","","","","","","","",NA,NA,NA,NA,NA,NA,NA,NA,NA,NA,NA,NA,NA,NA,NA,NA,NA,NA,NA,NA,NA,NA,NA,NA,NA,NA,NA,NA,NA,NA,NA,NA,NA,NA,NA,NA,0,0,0,0,0,0,0,0,0,0,0,0,0,0,0,0,0,0,"2019-09-01","19050312041751162019-09-01","UT_GrandStaircaseEscalanteNM_LUP_2019_5-4_03.mdb","DBROWNING",2020-05-06 11:49:31,"DBROWNING",2020-05-06 11:49:31
"190507084020429",3,NA,NA,NA,NA,NA,NA,"","","","","","","","","","","","","","","","","","",NA,NA,NA,NA,NA,NA,NA,NA,NA,NA,NA,NA,NA,NA,NA,NA,NA,NA,NA,NA,NA,NA,NA,NA,NA,NA,NA,NA,NA,NA,NA,NA,NA,NA,NA,NA,0,0,0,0,0,0,0,0,0,0,0,0,0,0,0,0,0,0,"2019-09-01","19050312041751162019-09-01","UT_GrandStaircaseEscalanteNM_LUP_2019_5-4_03.mdb","DBROWNING",2020-05-06 11:49:31,"DBROWNING",2020-05-06 11:49:31
"1905071031006034",1,"1","1","2","2","3","3","4","8","12","16","20","24","4","8","12","16","20","24","4","8","12","16","20","24","C","NC","NC","C","NC","C","C","C","NC","NC","NC","NC","NC","C","NC","C","NC","NC",4,3,2,5,2,5,3,1,1,2,3,1,2,3,2,3,2,1,0,0,0,0,0,0,0,0,0,0,0,0,0,0,0,0,0,0,"2019-09-01","19050214445471152019-09-01","UT_GrandStaircaseEscalanteNM_LUP_2019_5-4_03.mdb","DBROWNING",2020-05-06 11:49:31,"DBROWNING",2020-05-06 11:49:31
"1905071031006034",2,NA,NA,NA,NA,NA,NA,"","","","","","","","","","","","","","","","","","",NA,NA,NA,NA,NA,NA,NA,NA,NA,NA,NA,NA,NA,NA,NA,NA,NA,NA,NA,NA,NA,NA,NA,NA,NA,NA,NA,NA,NA,NA,NA,NA,NA,NA,NA,NA,0,0,0,0,0,0,0,0,0,0,0,0,0,0,0,0,0,0,"2019-09-01","19050214445471152019-09-01","UT_GrandStaircaseEscalanteNM_LUP_2019_5-4_03.mdb","DBROWNING",2020-05-06 11:49:31,"DBROWNING",2020-05-06 11:49:31
"1905071031006034",3,NA,NA,NA,NA,NA,NA,"","","","","","","","","","","","","","","","","","",NA,NA,NA,NA,NA,NA,NA,NA,NA,NA,NA,NA,NA,NA,NA,NA,NA,NA,NA,NA,NA,NA,NA,NA,NA,NA,NA,NA,NA,NA,NA,NA,NA,NA,NA,NA,0,0,0,0,0,0,0,0,0,0,0,0,0,0,0,0,0,0,"2019-09-01","19050214445471152019-09-01","UT_GrandStaircaseEscalanteNM_LUP_2019_5-4_03.mdb","DBROWNING",2020-05-06 11:49:31,"DBROWNING",2020-05-06 11:49:31
"1906031931206984",1,"1","1","2","2","3","3","4","8","12","16","20","24","4.40","8","12","16","20.10","24","4","8","12","16","20.6","24","NC","Sh","NC","T","T","NC","NC","NC","NC","NC","NC","NC","NC","NC","NC","NC","NC","T",3,6,6,6,4,2,5,2,3,2,2,1,2,1,1,1,2,6,0,0,0,0,0,0,0,0,0,0,0,0,0,0,0,0,0,0,"2019-09-01","19060207203962862019-09-01","UT_GrandStaircaseEscalanteNM_LUP_2019_5-4_03.mdb","DBROWNING",2020-05-06 11:49:31,"DBROWNING",2020-05-06 11:49:31
"1906031931206984",2,NA,NA,NA,NA,NA,NA,"","","","","","","","","","","","","","","","","","",NA,NA,NA,NA,NA,NA,NA,NA,NA,NA,NA,NA,NA,NA,NA,NA,NA,NA,NA,NA,NA,NA,NA,NA,NA,NA,NA,NA,NA,NA,NA,NA,NA,NA,NA,NA,0,0,0,0,0,0,0,0,0,0,0,0,0,0,0,0,0,0,"2019-09-01","19060207203962862019-09-01","UT_GrandStaircaseEscalanteNM_LUP_2019_5-4_03.mdb","DBROWNING",2020-05-06 11:49:31,"DBROWNING",2020-05-06 11:49:31
"1906031931206984",3,NA,NA,NA,NA,NA,NA,"","","","","","","","","","","","","","","","","","",NA,NA,NA,NA,NA,NA,NA,NA,NA,NA,NA,NA,NA,NA,NA,NA,NA,NA,NA,NA,NA,NA,NA,NA,NA,NA,NA,NA,NA,NA,NA,NA,NA,NA,NA,NA,0,0,0,0,0,0,0,0,0,0,0,0,0,0,0,0,0,0,"2019-09-01","19060207203962862019-09-01","UT_GrandStaircaseEscalanteNM_LUP_2019_5-4_03.mdb","DBROWNING",2020-05-06 11:49:31,"DBROWNING",2020-05-06 11:49:31
"1906151848281178",1,"1","1","2","2","3","3","4.2","8","12","16","20","24","4","8","12.5","16","20","24","4","8.5","12","16","20","24","Sh","NC","NC","NC","Sh","Sh","Sh","Sh","Sh","F","Sh","F","Sh","Sh","F","NC","NC","F",1,6,2,1,3,1,6,1,6,6,6,4,2,3,2,1,1,6,0,0,0,0,0,0,0,0,0,0,0,0,0,0,0,0,0,0,"2019-09-01","19061313444010032019-09-01","UT_GrandStaircaseEscalanteNM_LUP_2019_5-4_03.mdb","DBROWNING",2020-05-06 11:49:31,"DBROWNING",2020-05-06 11:49:31
"1906151848281178",2,NA,NA,NA,NA,NA,NA,"","","","","","","","","","","","","","","","","","",NA,NA,NA,NA,NA,NA,NA,NA,NA,NA,NA,NA,NA,NA,NA,NA,NA,NA,NA,NA,NA,NA,NA,NA,NA,NA,NA,NA,NA,NA,NA,NA,NA,NA,NA,NA,0,0,0,0,0,0,0,0,0,0,0,0,0,0,0,0,0,0,"2019-09-01","19061313444010032019-09-01","UT_GrandStaircaseEscalanteNM_LUP_2019_5-4_03.mdb","DBROWNING",2020-05-06 11:49:31,"DBROWNING",2020-05-06 11:49:31
"1906151848281178",3,NA,NA,NA,NA,NA,NA,"","","","","","","","","","","","","","","","","","",NA,NA,NA,NA,NA,NA,NA,NA,NA,NA,NA,NA,NA,NA,NA,NA,NA,NA,NA,NA,NA,NA,NA,NA,NA,NA,NA,NA,NA,NA,NA,NA,NA,NA,NA,NA,0,0,0,0,0,0,0,0,0,0,0,0,0,0,0,0,0,0,"2019-09-01","19061313444010032019-09-01","UT_GrandStaircaseEscalanteNM_LUP_2019_5-4_03.mdb","DBROWNING",2020-05-06 11:49:31,"DBROWNING",2020-05-06 11:49:31
"1906151940128828",1,"1","1","2","2","3","3","4","8","12","16","20","24","4","8","12","16","20","24","4","8","12","16","20","24","Sh","NC","Sh","Sh","NC","Sh","Sh","NC","NC","NC","Sh","Sh","Sh","Sh","Sh","NC","NC","NC",2,2,1,3,6,1,2,3,1,2,3,3,5,6,1,6,5,1,0,0,0,0,0,0,0,0,0,0,0,0,0,0,0,0,0,0,"2019-09-01","19061407395147852019-09-01","UT_GrandStaircaseEscalanteNM_LUP_2019_5-4_03.mdb","DBROWNING",2020-05-06 11:49:31,"DBROWNING",2020-05-06 11:49:31
"1906152015303881",1,"1","1","2","2","3","3","4","8","12","16","20","24","4","8","12","16","20","24","4","8","12","16","20","24","G","NC","T","NC","T","T","G","G","Sh","G","G","G","NC","NC","NC","NC","NC","NC",6,3,3,2,3,6,6,6,6,6,3,6,1,1,1,1,1,1,0,0,0,0,0,0,0,0,0,0,0,0,0,0,0,0,0,0,"2019-09-01","19061512402980792019-09-01","UT_GrandStaircaseEscalanteNM_LUP_2019_5-4_03.mdb","DBROWNING",2020-05-06 11:49:31,"DBROWNING",2020-05-06 11:49:31
"1906152015303881",2,NA,NA,NA,NA,NA,NA,"","","","","","","","","","","","","","","","","","",NA,NA,NA,NA,NA,NA,NA,NA,NA,NA,NA,NA,NA,NA,NA,NA,NA,NA,NA,NA,NA,NA,NA,NA,NA,NA,NA,NA,NA,NA,NA,NA,NA,NA,NA,NA,0,0,0,0,0,0,0,0,0,0,0,0,0,0,0,0,0,0,"2019-09-01","19061512402980792019-09-01","UT_GrandStaircaseEscalanteNM_LUP_2019_5-4_03.mdb","DBROWNING",2020-05-06 11:49:31,"DBROWNING",2020-05-06 11:49:31
"1906152015303881",3,NA,NA,NA,NA,NA,NA,"","","","","","","","","","","","","","","","","","",NA,NA,NA,NA,NA,NA,NA,NA,NA,NA,NA,NA,NA,NA,NA,NA,NA,NA,NA,NA,NA,NA,NA,NA,NA,NA,NA,NA,NA,NA,NA,NA,NA,NA,NA,NA,0,0,0,0,0,0,0,0,0,0,0,0,0,0,0,0,0,0,"2019-09-01","19061512402980792019-09-01","UT_GrandStaircaseEscalanteNM_LUP_2019_5-4_03.mdb","DBROWNING",2020-05-06 11:49:31,"DBROWNING",2020-05-06 11:49:31
"1906152030217454",1,"1","1","2","2","3","3","4","8.1","12","16","20","24","4","8","12","16","20","24.2","4","8","12","16","20","24","NC","NC","T","T","T","NC","NC","G","G","T","NC","NC","T","G","NC","NC","NC","NC",6,5,6,6,5,5,4,6,6,6,3,5,2,4,6,6,6,6,0,0,0,0,0,0,0,0,0,0,0,0,0,0,0,0,0,0,"2019-09-01","19061507533121362019-09-01","UT_GrandStaircaseEscalanteNM_LUP_2019_5-4_03.mdb","DBROWNING",2020-05-06 11:49:31,"DBROWNING",2020-05-06 11:49:31
"1906152030217454",2,NA,NA,NA,NA,NA,NA,"","","","","","","","","","","","","","","","","","",NA,NA,NA,NA,NA,NA,NA,NA,NA,NA,NA,NA,NA,NA,NA,NA,NA,NA,NA,NA,NA,NA,NA,NA,NA,NA,NA,NA,NA,NA,NA,NA,NA,NA,NA,NA,0,0,0,0,0,0,0,0,0,0,0,0,0,0,0,0,0,0,"2019-09-01","19061507533121362019-09-01","UT_GrandStaircaseEscalanteNM_LUP_2019_5-4_03.mdb","DBROWNING",2020-05-06 11:49:31,"DBROWNING",2020-05-06 11:49:31
"1905071120576664",1,"1","1","2","2","3","3","4","8","12","16","20","24","4","8","12","16","20","24","4","8","12","16","20","24","NC","NC","NC","NC","Sh","Sh","NC","NC","Sh","F","NC","NC","NC","NC","NC","NC","NC","NC",1,1,1,2,6,3,1,1,6,1,1,1,2,5,6,6,4,1,0,0,0,0,0,0,0,0,0,0,0,0,0,0,0,0,0,0,"2019-09-01","19050208361880412019-09-01","UT_GrandStaircaseEscalanteNM_LUP_2019_5-4_03.mdb","DBROWNING",2020-05-06 11:49:31,"DBROWNING",2020-05-06 11:49:31
"1905071120576664",2,NA,NA,NA,NA,NA,NA,"","","","","","","","","","","","","","","","","","",NA,NA,NA,NA,NA,NA,NA,NA,NA,NA,NA,NA,NA,NA,NA,NA,NA,NA,NA,NA,NA,NA,NA,NA,NA,NA,NA,NA,NA,NA,NA,NA,NA,NA,NA,NA,0,0,0,0,0,0,0,0,0,0,0,0,0,0,0,0,0,0,"2019-09-01","19050208361880412019-09-01","UT_GrandStaircaseEscalanteNM_LUP_2019_5-4_03.mdb","DBROWNING",2020-05-06 11:49:31,"DBROWNING",2020-05-06 11:49:31
"1905071120576664",3,NA,NA,NA,NA,NA,NA,"","","","","","","","","","","","","","","","","","",NA,NA,NA,NA,NA,NA,NA,NA,NA,NA,NA,NA,NA,NA,NA,NA,NA,NA,NA,NA,NA,NA,NA,NA,NA,NA,NA,NA,NA,NA,NA,NA,NA,NA,NA,NA,0,0,0,0,0,0,0,0,0,0,0,0,0,0,0,0,0,0,"2019-09-01","19050208361880412019-09-01","UT_GrandStaircaseEscalanteNM_LUP_2019_5-4_03.mdb","DBROWNING",2020-05-06 11:49:31,"DBROWNING",2020-05-06 11:49:31
"19050713151274",1,"1","1","2","2","3","3","4","8.5","12","16","20","24","4","8","12","16","20","24","4","8","12","16","20.6","24","NC","C","C","NC","C","NC","NC","NC","NC","C","NC","NC","NC","NC","NC","C","NC","C",1,6,1,3,4,2,1,6,5,5,1,1,1,4,2,3,5,6,0,0,0,0,0,0,0,0,0,0,0,0,0,0,0,0,0,0,"2019-09-01","19050415060929242019-09-01","UT_GrandStaircaseEscalanteNM_LUP_2019_5-4_03.mdb","DBROWNING",2020-05-06 11:49:31,"DBROWNING",2020-05-06 11:49:31
"1905071203092786",1,"1","1","2","2","3","3","4","8","12","16","20.7","24","4","8.8","12","16","20","24","4","8.5","12","16","20","24","Sh","Sh","Sh","NC","Sh","NC","NC","Sh","NC","NC","NC","NC","NC","Sh","NC","NC","NC","NC",2,2,6,2,5,3,4,3,2,3,3,2,2,3,3,3,3,3,0,0,0,0,0,0,0,0,0,0,0,0,0,0,0,0,0,0,"2019-09-01","19050410073832002019-09-01","UT_GrandStaircaseEscalanteNM_LUP_2019_5-4_03.mdb","DBROWNING",2020-05-06 11:49:31,"DBROWNING",2020-05-06 11:49:31
"1905071203092786",2,NA,NA,NA,NA,NA,NA,"","","","","","","","","","","","","","","","","","",NA,NA,NA,NA,NA,NA,NA,NA,NA,NA,NA,NA,NA,NA,NA,NA,NA,NA,NA,NA,NA,NA,NA,NA,NA,NA,NA,NA,NA,NA,NA,NA,NA,NA,NA,NA,0,0,0,0,0,0,0,0,0,0,0,0,0,0,0,0,0,0,"2019-09-01","19050410073832002019-09-01","UT_GrandStaircaseEscalanteNM_LUP_2019_5-4_03.mdb","DBROWNING",2020-05-06 11:49:31,"DBROWNING",2020-05-06 11:49:31
"1905071203092786",3,NA,NA,NA,NA,NA,NA,"","","","","","","","","","","","","","","","","","",NA,NA,NA,NA,NA,NA,NA,NA,NA,NA,NA,NA,NA,NA,NA,NA,NA,NA,NA,NA,NA,NA,NA,NA,NA,NA,NA,NA,NA,NA,NA,NA,NA,NA,NA,NA,0,0,0,0,0,0,0,0,0,0,0,0,0,0,0,0,0,0,"2019-09-01","19050410073832002019-09-01","UT_GrandStaircaseEscalanteNM_LUP_2019_5-4_03.mdb","DBROWNING",2020-05-06 11:49:31,"DBROWNING",2020-05-06 11:49:31
"19050713151274",2,NA,NA,NA,NA,NA,NA,"","","","","","","","","","","","","","","","","","",NA,NA,NA,NA,NA,NA,NA,NA,NA,NA,NA,NA,NA,NA,NA,NA,NA,NA,NA,NA,NA,NA,NA,NA,NA,NA,NA,NA,NA,NA,NA,NA,NA,NA,NA,NA,0,0,0,0,0,0,0,0,0,0,0,0,0,0,0,0,0,0,"2019-09-01","19050415060929242019-09-01","UT_GrandStaircaseEscalanteNM_LUP_2019_5-4_03.mdb","DBROWNING",2020-05-06 11:49:31,"DBROWNING",2020-05-06 11:49:31
"19050713151274",3,NA,NA,NA,NA,NA,NA,"","","","","","","","","","","","","","","","","","",NA,NA,NA,NA,NA,NA,NA,NA,NA,NA,NA,NA,NA,NA,NA,NA,NA,NA,NA,NA,NA,NA,NA,NA,NA,NA,NA,NA,NA,NA,NA,NA,NA,NA,NA,NA,0,0,0,0,0,0,0,0,0,0,0,0,0,0,0,0,0,0,"2019-09-01","19050415060929242019-09-01","UT_GrandStaircaseEscalanteNM_LUP_2019_5-4_03.mdb","DBROWNING",2020-05-06 11:49:31,"DBROWNING",2020-05-06 11:49:31
"1905191430222432",1,"1","1","2","2","3","3","4","8","12","16","20","24","6","8","12","16","20","24","4","8","12","16.2","20","24","G","NC","NC","NC","NC","NC","NC","NC","Sh","NC","NC","NC","G","NC","NC","NC","NC","NC",1,2,3,4,5,2,5,4,6,6,2,2,6,5,3,3,4,2,0,0,0,0,0,0,0,0,0,0,0,0,0,0,0,0,0,0,"2019-09-01","19051607511289782019-09-01","UT_GrandStaircaseEscalanteNM_LUP_2019_5-4_03.mdb","DBROWNING",2020-05-06 11:49:31,"DBROWNING",2020-05-06 11:49:31
"1905191430222432",2,NA,NA,NA,NA,NA,NA,"","","","","","","","","","","","","","","","","","",NA,NA,NA,NA,NA,NA,NA,NA,NA,NA,NA,NA,NA,NA,NA,NA,NA,NA,NA,NA,NA,NA,NA,NA,NA,NA,NA,NA,NA,NA,NA,NA,NA,NA,NA,NA,0,0,0,0,0,0,0,0,0,0,0,0,0,0,0,0,0,0,"2019-09-01","19051607511289782019-09-01","UT_GrandStaircaseEscalanteNM_LUP_2019_5-4_03.mdb","DBROWNING",2020-05-06 11:49:31,"DBROWNING",2020-05-06 11:49:31
"1905191430222432",3,NA,NA,NA,NA,NA,NA,"","","","","","","","","","","","","","","","","","",NA,NA,NA,NA,NA,NA,NA,NA,NA,NA,NA,NA,NA,NA,NA,NA,NA,NA,NA,NA,NA,NA,NA,NA,NA,NA,NA,NA,NA,NA,NA,NA,NA,NA,NA,NA,0,0,0,0,0,0,0,0,0,0,0,0,0,0,0,0,0,0,"2019-09-01","19051607511289782019-09-01","UT_GrandStaircaseEscalanteNM_LUP_2019_5-4_03.mdb","DBROWNING",2020-05-06 11:49:31,"DBROWNING",2020-05-06 11:49:31
"1905211104554689",1,"1","1","2","2","3","3","4","8","12","16","20","24","4","8","12","16","20","24","4","8","12","16","20","24","NC","T","T","T","NC","NC","NC","T","NC","NC","NC","Sh","T","NC","T","NC","NC","T",5,6,6,1,5,6,6,6,6,4,5,1,5,6,6,4,3,1,0,0,0,0,0,0,0,0,0,0,0,0,0,0,0,0,0,0,"2019-09-01","19051810532393352019-09-01","UT_GrandStaircaseEscalanteNM_LUP_2019_5-4_03.mdb","DBROWNING",2020-05-06 11:49:31,"DBROWNING",2020-05-06 11:49:31
"1905211104554689",2,NA,NA,NA,NA,NA,NA,"","","","","","","","","","","","","","","","","","",NA,NA,NA,NA,NA,NA,NA,NA,NA,NA,NA,NA,NA,NA,NA,NA,NA,NA,NA,NA,NA,NA,NA,NA,NA,NA,NA,NA,NA,NA,NA,NA,NA,NA,NA,NA,0,0,0,0,0,0,0,0,0,0,0,0,0,0,0,0,0,0,"2019-09-01","19051810532393352019-09-01","UT_GrandStaircaseEscalanteNM_LUP_2019_5-4_03.mdb","DBROWNING",2020-05-06 11:49:31,"DBROWNING",2020-05-06 11:49:31
"1905211104554689",3,NA,NA,NA,NA,NA,NA,"","","","","","","","","","","","","","","","","","",NA,NA,NA,NA,NA,NA,NA,NA,NA,NA,NA,NA,NA,NA,NA,NA,NA,NA,NA,NA,NA,NA,NA,NA,NA,NA,NA,NA,NA,NA,NA,NA,NA,NA,NA,NA,0,0,0,0,0,0,0,0,0,0,0,0,0,0,0,0,0,0,"2019-09-01","19051810532393352019-09-01","UT_GrandStaircaseEscalanteNM_LUP_2019_5-4_03.mdb","DBROWNING",2020-05-06 11:49:31,"DBROWNING",2020-05-06 11:49:31
"1905211141528081",1,"1","1","2","2","3","3","4","8","12","16","20","24","4","8","12","16","20","24","4","8","12","16","20","24","NC","G","G","NC","G","G","G","G","G","G","G","G","Sh","NC","NC","Sh","Sh","NC",4,5,6,6,6,6,6,6,6,6,6,6,4,5,4,5,6,6,0,0,0,0,0,0,0,0,0,0,0,0,0,0,0,0,0,0,"2019-09-01","19051916322599942019-09-01","UT_GrandStaircaseEscalanteNM_LUP_2019_5-4_03.mdb","DBROWNING",2020-05-06 11:49:31,"DBROWNING",2020-05-06 11:49:31
"1905211141528081",2,NA,NA,NA,NA,NA,NA,"","","","","","","","","","","","","","","","","","",NA,NA,NA,NA,NA,NA,NA,NA,NA,NA,NA,NA,NA,NA,NA,NA,NA,NA,NA,NA,NA,NA,NA,NA,NA,NA,NA,NA,NA,NA,NA,NA,NA,NA,NA,NA,0,0,0,0,0,0,0,0,0,0,0,0,0,0,0,0,0,0,"2019-09-01","19051916322599942019-09-01","UT_GrandStaircaseEscalanteNM_LUP_2019_5-4_03.mdb","DBROWNING",2020-05-06 11:49:31,"DBROWNING",2020-05-06 11:49:31
"1905211141528081",3,NA,NA,NA,NA,NA,NA,"","","","","","","","","","","","","","","","","","",NA,NA,NA,NA,NA,NA,NA,NA,NA,NA,NA,NA,NA,NA,NA,NA,NA,NA,NA,NA,NA,NA,NA,NA,NA,NA,NA,NA,NA,NA,NA,NA,NA,NA,NA,NA,0,0,0,0,0,0,0,0,0,0,0,0,0,0,0,0,0,0,"2019-09-01","19051916322599942019-09-01","UT_GrandStaircaseEscalanteNM_LUP_2019_5-4_03.mdb","DBROWNING",2020-05-06 11:49:31,"DBROWNING",2020-05-06 11:49:31
"1906011651449004",1,"1","1","2","2","3","3","4.2","8","12","16","20","24","4","8","12","16","20","24","4","8","12","16","20","24.1","NC","G","NC","Sh","NC","NC","G","Sh","Sh","NC","NC","NC","T","NC","G","NC","NC","G",3,4,5,3,3,4,1,5,5,6,3,4,6,4,3,6,6,6,0,0,0,0,0,0,0,0,0,0,0,0,0,0,0,0,0,0,"2019-09-01","19053018094260032019-09-01","UT_GrandStaircaseEscalanteNM_LUP_2019_5-4_03.mdb","DBROWNING",2020-05-06 11:49:31,"DBROWNING",2020-05-06 11:49:31
"1906011651449004",2,NA,NA,NA,NA,NA,NA,"","","","","","","","","","","","","","","","","","",NA,NA,NA,NA,NA,NA,NA,NA,NA,NA,NA,NA,NA,NA,NA,NA,NA,NA,NA,NA,NA,NA,NA,NA,NA,NA,NA,NA,NA,NA,NA,NA,NA,NA,NA,NA,0,0,0,0,0,0,0,0,0,0,0,0,0,0,0,0,0,0,"2019-09-01","19053018094260032019-09-01","UT_GrandStaircaseEscalanteNM_LUP_2019_5-4_03.mdb","DBROWNING",2020-05-06 11:49:31,"DBROWNING",2020-05-06 11:49:31
"1906011651449004",3,NA,NA,NA,NA,NA,NA,"","","","","","","","","","","","","","","","","","",NA,NA,NA,NA,NA,NA,NA,NA,NA,NA,NA,NA,NA,NA,NA,NA,NA,NA,NA,NA,NA,NA,NA,NA,NA,NA,NA,NA,NA,NA,NA,NA,NA,NA,NA,NA,0,0,0,0,0,0,0,0,0,0,0,0,0,0,0,0,0,0,"2019-09-01","19053018094260032019-09-01","UT_GrandStaircaseEscalanteNM_LUP_2019_5-4_03.mdb","DBROWNING",2020-05-06 11:49:31,"DBROWNING",2020-05-06 11:49:31
"1906011744423755",1,"1","1","2","2","3","3","4","8","12","18","20","24","4","8","12","16","20","24.7","4","8","12","16","20","24","T","Sh","NC","NC","NC","Sh","NC","Sh","T","Sh","Sh","Sh","NC","NC","NC","T","T","T",2,2,1,5,5,6,2,6,4,4,6,6,1,2,1,3,2,2,0,0,0,0,0,0,0,0,0,0,0,0,0,0,0,0,0,0,"2019-09-01","19053116032020292019-09-01","UT_GrandStaircaseEscalanteNM_LUP_2019_5-4_03.mdb","DBROWNING",2020-05-06 11:49:31,"DBROWNING",2020-05-06 11:49:31
"1906011744423755",2,NA,NA,NA,NA,NA,NA,"","","","","","","","","","","","","","","","","","",NA,NA,NA,NA,NA,NA,NA,NA,NA,NA,NA,NA,NA,NA,NA,NA,NA,NA,NA,NA,NA,NA,NA,NA,NA,NA,NA,NA,NA,NA,NA,NA,NA,NA,NA,NA,0,0,0,0,0,0,0,0,0,0,0,0,0,0,0,0,0,0,"2019-09-01","19053116032020292019-09-01","UT_GrandStaircaseEscalanteNM_LUP_2019_5-4_03.mdb","DBROWNING",2020-05-06 11:49:31,"DBROWNING",2020-05-06 11:49:31
"1906011744423755",3,NA,NA,NA,NA,NA,NA,"","","","","","","","","","","","","","","","","","",NA,NA,NA,NA,NA,NA,NA,NA,NA,NA,NA,NA,NA,NA,NA,NA,NA,NA,NA,NA,NA,NA,NA,NA,NA,NA,NA,NA,NA,NA,NA,NA,NA,NA,NA,NA,0,0,0,0,0,0,0,0,0,0,0,0,0,0,0,0,0,0,"2019-09-01","19053116032020292019-09-01","UT_GrandStaircaseEscalanteNM_LUP_2019_5-4_03.mdb","DBROWNING",2020-05-06 11:49:31,"DBROWNING",2020-05-06 11:49:31
"1906011805003106",1,"1","1","2","2","3","3","1.4","10.7","14","20.8","23.5","24","3.7","8.2","12","16","20","24","4","10.4","14","18","21","24","G","G","Sh","G","NC","NC","NC","NC","NC","T","NC","NC","NC","T","T","NC","NC","Sh",6,6,6,4,6,6,6,5,6,6,5,5,5,3,3,6,3,2,0,0,0,0,0,0,0,0,0,0,0,0,0,0,0,0,0,0,"2019-09-01","19060112040862902019-09-01","UT_GrandStaircaseEscalanteNM_LUP_2019_5-4_03.mdb","DBROWNING",2020-05-06 11:49:31,"DBROWNING",2020-05-06 11:49:31
"1906011805003106",2,NA,NA,NA,NA,NA,NA,"","","","","","","","","","","","","","","","","","",NA,NA,NA,NA,NA,NA,NA,NA,NA,NA,NA,NA,NA,NA,NA,NA,NA,NA,NA,NA,NA,NA,NA,NA,NA,NA,NA,NA,NA,NA,NA,NA,NA,NA,NA,NA,0,0,0,0,0,0,0,0,0,0,0,0,0,0,0,0,0,0,"2019-09-01","19060112040862902019-09-01","UT_GrandStaircaseEscalanteNM_LUP_2019_5-4_03.mdb","DBROWNING",2020-05-06 11:49:31,"DBROWNING",2020-05-06 11:49:31
"1906011805003106",3,NA,NA,NA,NA,NA,NA,"","","","","","","","","","","","","","","","","","",NA,NA,NA,NA,NA,NA,NA,NA,NA,NA,NA,NA,NA,NA,NA,NA,NA,NA,NA,NA,NA,NA,NA,NA,NA,NA,NA,NA,NA,NA,NA,NA,NA,NA,NA,NA,0,0,0,0,0,0,0,0,0,0,0,0,0,0,0,0,0,0,"2019-09-01","19060112040862902019-09-01","UT_GrandStaircaseEscalanteNM_LUP_2019_5-4_03.mdb","DBROWNING",2020-05-06 11:49:31,"DBROWNING",2020-05-06 11:49:31
"1906031707318879",1,"1","1","2","2","3","3","4","8","12","16","20","24","4","8","12","16","20","24","4","8","12","16","20","24","NC","T","T","NC","T","NC","NC","T","T","NC","T","NC","NC","T","NC","NC","NC","NC",1,2,4,2,4,3,5,6,3,3,6,6,2,3,1,1,2,2,0,0,0,0,0,0,0,0,0,0,0,0,0,0,0,0,0,0,"2019-09-01","19060313150712912019-09-01","UT_GrandStaircaseEscalanteNM_LUP_2019_5-4_03.mdb","DBROWNING",2020-05-06 11:49:31,"DBROWNING",2020-05-06 11:49:31
"1906031707318879",2,NA,NA,NA,NA,NA,NA,"","","","","","","","","","","","","","","","","","",NA,NA,NA,NA,NA,NA,NA,NA,NA,NA,NA,NA,NA,NA,NA,NA,NA,NA,NA,NA,NA,NA,NA,NA,NA,NA,NA,NA,NA,NA,NA,NA,NA,NA,NA,NA,0,0,0,0,0,0,0,0,0,0,0,0,0,0,0,0,0,0,"2019-09-01","19060313150712912019-09-01","UT_GrandStaircaseEscalanteNM_LUP_2019_5-4_03.mdb","DBROWNING",2020-05-06 11:49:31,"DBROWNING",2020-05-06 11:49:31
"1906031707318879",3,NA,NA,NA,NA,NA,NA,"","","","","","","","","","","","","","","","","","",NA,NA,NA,NA,NA,NA,NA,NA,NA,NA,NA,NA,NA,NA,NA,NA,NA,NA,NA,NA,NA,NA,NA,NA,NA,NA,NA,NA,NA,NA,NA,NA,NA,NA,NA,NA,0,0,0,0,0,0,0,0,0,0,0,0,0,0,0,0,0,0,"2019-09-01","19060313150712912019-09-01","UT_GrandStaircaseEscalanteNM_LUP_2019_5-4_03.mdb","DBROWNING",2020-05-06 11:49:31,"DBROWNING",2020-05-06 11:49:31
"1906152030217454",3,NA,NA,NA,NA,NA,NA,"","","","","","","","","","","","","","","","","","",NA,NA,NA,NA,NA,NA,NA,NA,NA,NA,NA,NA,NA,NA,NA,NA,NA,NA,NA,NA,NA,NA,NA,NA,NA,NA,NA,NA,NA,NA,NA,NA,NA,NA,NA,NA,0,0,0,0,0,0,0,0,0,0,0,0,0,0,0,0,0,0,"2019-09-01","19061507533121362019-09-01","UT_GrandStaircaseEscalanteNM_LUP_2019_5-4_03.mdb","DBROWNING",2020-05-06 11:49:31,"DBROWNING",2020-05-06 11:49:31
"1906151940128828",2,NA,NA,NA,NA,NA,NA,"","","","","","","","","","","","","","","","","","",NA,NA,NA,NA,NA,NA,NA,NA,NA,NA,NA,NA,NA,NA,NA,NA,NA,NA,NA,NA,NA,NA,NA,NA,NA,NA,NA,NA,NA,NA,NA,NA,NA,NA,NA,NA,0,0,0,0,0,0,0,0,0,0,0,0,0,0,0,0,0,0,"2019-09-01","19061407395147852019-09-01","UT_GrandStaircaseEscalanteNM_LUP_2019_5-4_03.mdb","DBROWNING",2020-05-06 11:49:31,"DBROWNING",2020-05-06 11:49:31
"1906151940128828",3,NA,NA,NA,NA,NA,NA,"","","","","","","","","","","","","","","","","","",NA,NA,NA,NA,NA,NA,NA,NA,NA,NA,NA,NA,NA,NA,NA,NA,NA,NA,NA,NA,NA,NA,NA,NA,NA,NA,NA,NA,NA,NA,NA,NA,NA,NA,NA,NA,0,0,0,0,0,0,0,0,0,0,0,0,0,0,0,0,0,0,"2019-09-01","19061407395147852019-09-01","UT_GrandStaircaseEscalanteNM_LUP_2019_5-4_03.mdb","DBROWNING",2020-05-06 11:49:31,"DBROWNING",2020-05-06 11:49:31
"1906151956436771",1,"1","1","2","2","3","3","4","8","12","16","20","24","4","8","12","16","20","24","4","8","12.3","16","20","24","Sh","NC","NC","G","NC","Sh","NC","Sh","Sh","Sh","NC","NC","G","Sh","Sh","NC","NC","NC",3,1,6,6,1,1,2,6,6,4,6,6,6,6,6,1,4,5,0,0,0,0,0,0,0,0,0,0,0,0,0,0,0,0,0,0,"2019-09-01","1906141254235022019-09-01","UT_GrandStaircaseEscalanteNM_LUP_2019_5-4_03.mdb","DBROWNING",2020-05-06 11:49:31,"DBROWNING",2020-05-06 11:49:31
"1906151956436771",2,NA,NA,NA,NA,NA,NA,"","","","","","","","","","","","","","","","","","",NA,NA,NA,NA,NA,NA,NA,NA,NA,NA,NA,NA,NA,NA,NA,NA,NA,NA,NA,NA,NA,NA,NA,NA,NA,NA,NA,NA,NA,NA,NA,NA,NA,NA,NA,NA,0,0,0,0,0,0,0,0,0,0,0,0,0,0,0,0,0,0,"2019-09-01","1906141254235022019-09-01","UT_GrandStaircaseEscalanteNM_LUP_2019_5-4_03.mdb","DBROWNING",2020-05-06 11:49:31,"DBROWNING",2020-05-06 11:49:31
"1906151956436771",3,NA,NA,NA,NA,NA,NA,"","","","","","","","","","","","","","","","","","",NA,NA,NA,NA,NA,NA,NA,NA,NA,NA,NA,NA,NA,NA,NA,NA,NA,NA,NA,NA,NA,NA,NA,NA,NA,NA,NA,NA,NA,NA,NA,NA,NA,NA,NA,NA,0,0,0,0,0,0,0,0,0,0,0,0,0,0,0,0,0,0,"2019-09-01","1906141254235022019-09-01","UT_GrandStaircaseEscalanteNM_LUP_2019_5-4_03.mdb","DBROWNING",2020-05-06 11:49:31,"DBROWNING",2020-05-06 11:49:31
"190630095223324",1,"1","1","2","2","3","3","4","8","13","16","20","24","4","8","12.8","16","20","24","4","8","12","16","20.2","24","NC","NC","NC","NC","NC","NC","T","NC","Sh","Sh","NC","NC","NC","NC","NC","NC","NC","T",6,6,1,6,6,1,6,6,6,6,6,6,6,6,4,6,6,5,0,0,0,0,0,0,0,0,0,0,0,0,0,0,0,0,0,0,"2019-09-01","19062910263749062019-09-01","UT_GrandStaircaseEscalanteNM_LUP_2019_5-4_03.mdb","DBROWNING",2020-05-06 11:49:31,"DBROWNING",2020-05-06 11:49:31
"190630095223324",2,NA,NA,NA,NA,NA,NA,"","","","","","","","","","","","","","","","","","",NA,NA,NA,NA,NA,NA,NA,NA,NA,NA,NA,NA,NA,NA,NA,NA,NA,NA,NA,NA,NA,NA,NA,NA,NA,NA,NA,NA,NA,NA,NA,NA,NA,NA,NA,NA,0,0,0,0,0,0,0,0,0,0,0,0,0,0,0,0,0,0,"2019-09-01","19062910263749062019-09-01","UT_GrandStaircaseEscalanteNM_LUP_2019_5-4_03.mdb","DBROWNING",2020-05-06 11:49:31,"DBROWNING",2020-05-06 11:49:31
"190630095223324",3,NA,NA,NA,NA,NA,NA,"","","","","","","","","","","","","","","","","","",NA,NA,NA,NA,NA,NA,NA,NA,NA,NA,NA,NA,NA,NA,NA,NA,NA,NA,NA,NA,NA,NA,NA,NA,NA,NA,NA,NA,NA,NA,NA,NA,NA,NA,NA,NA,0,0,0,0,0,0,0,0,0,0,0,0,0,0,0,0,0,0,"2019-09-01","19062910263749062019-09-01","UT_GrandStaircaseEscalanteNM_LUP_2019_5-4_03.mdb","DBROWNING",2020-05-06 11:49:31,"DBROWNING",2020-05-06 11:49:31
"1906301042432425",1,"1","1","2","2","3","3","4.1","8","12","16","20","24","4","8","12","16","20","24","4","8","12","16","21","24","NC","NC","T","NC","NC","NC","NC","NC","NC","T","NC","NC","NC","T","T","NC","Sh","NC",1,1,2,2,1,1,1,2,2,2,3,2,2,6,4,1,1,1,0,0,0,0,0,0,0,0,0,0,0,0,0,0,0,0,0,0,"2019-09-01","19062814045696002019-09-01","UT_GrandStaircaseEscalanteNM_LUP_2019_5-4_03.mdb","DBROWNING",2020-05-06 11:49:31,"DBROWNING",2020-05-06 11:49:31
"1906301042432425",2,NA,NA,NA,NA,NA,NA,"","","","","","","","","","","","","","","","","","",NA,NA,NA,NA,NA,NA,NA,NA,NA,NA,NA,NA,NA,NA,NA,NA,NA,NA,NA,NA,NA,NA,NA,NA,NA,NA,NA,NA,NA,NA,NA,NA,NA,NA,NA,NA,0,0,0,0,0,0,0,0,0,0,0,0,0,0,0,0,0,0,"2019-09-01","19062814045696002019-09-01","UT_GrandStaircaseEscalanteNM_LUP_2019_5-4_03.mdb","DBROWNING",2020-05-06 11:49:31,"DBROWNING",2020-05-06 11:49:31
"1906301042432425",3,NA,NA,NA,NA,NA,NA,"","","","","","","","","","","","","","","","","","",NA,NA,NA,NA,NA,NA,NA,NA,NA,NA,NA,NA,NA,NA,NA,NA,NA,NA,NA,NA,NA,NA,NA,NA,NA,NA,NA,NA,NA,NA,NA,NA,NA,NA,NA,NA,0,0,0,0,0,0,0,0,0,0,0,0,0,0,0,0,0,0,"2019-09-01","19062814045696002019-09-01","UT_GrandStaircaseEscalanteNM_LUP_2019_5-4_03.mdb","DBROWNING",2020-05-06 11:49:31,"DBROWNING",2020-05-06 11:49:31
"1907010939228688",1,"1","1","2","2","3","3","4","8","12","16","20","24","4","8","12","16","20","24","4","8","12","16","20","24","G","NC","NC","NC","NC","G","NC","NC","Sh","NC","NC","G","G","G","Sh","NC","Sh","Sh",6,6,3,5,5,2,1,1,2,4,5,5,6,3,1,4,6,6,0,0,0,0,0,0,0,0,0,0,0,0,0,0,0,0,0,0,"2019-09-01","19061807443293572019-09-01","UT_GrandStaircaseEscalanteNM_LUP_2019_5-4_03.mdb","DBROWNING",2020-05-06 11:49:31,"DBROWNING",2020-05-06 11:49:31
"1907010939228688",2,NA,NA,NA,NA,NA,NA,"","","","","","","","","","","","","","","","","","",NA,NA,NA,NA,NA,NA,NA,NA,NA,NA,NA,NA,NA,NA,NA,NA,NA,NA,NA,NA,NA,NA,NA,NA,NA,NA,NA,NA,NA,NA,NA,NA,NA,NA,NA,NA,0,0,0,0,0,0,0,0,0,0,0,0,0,0,0,0,0,0,"2019-09-01","19061807443293572019-09-01","UT_GrandStaircaseEscalanteNM_LUP_2019_5-4_03.mdb","DBROWNING",2020-05-06 11:49:31,"DBROWNING",2020-05-06 11:49:31
"1907010939228688",3,NA,NA,NA,NA,NA,NA,"","","","","","","","","","","","","","","","","","",NA,NA,NA,NA,NA,NA,NA,NA,NA,NA,NA,NA,NA,NA,NA,NA,NA,NA,NA,NA,NA,NA,NA,NA,NA,NA,NA,NA,NA,NA,NA,NA,NA,NA,NA,NA,0,0,0,0,0,0,0,0,0,0,0,0,0,0,0,0,0,0,"2019-09-01","19061807443293572019-09-01","UT_GrandStaircaseEscalanteNM_LUP_2019_5-4_03.mdb","DBROWNING",2020-05-06 11:49:31,"DBROWNING",2020-05-06 11:49:31
"190716093154231",1,"1","1","2","2","3","3","4","8","12","16","20","24","4","8","12","16","20","24","4","8","12","16","20","24","NC","NC","NC","NC","NC","NC","Sh","Sh","Sh","Sh","G","NC","NC","NC","NC","NC","Sh","Sh",6,6,4,6,6,6,6,5,3,6,3,6,4,2,6,3,2,6,0,0,0,0,0,0,0,0,0,0,0,0,0,0,0,0,0,0,"2019-09-01","19071207265771652019-09-01","UT_GrandStaircaseEscalanteNM_LUP_2019_5-4_03.mdb","DBROWNING",2020-05-06 11:49:31,"DBROWNING",2020-05-06 11:49:31
"190716093154231",2,NA,NA,NA,NA,NA,NA,"","","","","","","","","","","","","","","","","","",NA,NA,NA,NA,NA,NA,NA,NA,NA,NA,NA,NA,NA,NA,NA,NA,NA,NA,NA,NA,NA,NA,NA,NA,NA,NA,NA,NA,NA,NA,NA,NA,NA,NA,NA,NA,0,0,0,0,0,0,0,0,0,0,0,0,0,0,0,0,0,0,"2019-09-01","19071207265771652019-09-01","UT_GrandStaircaseEscalanteNM_LUP_2019_5-4_03.mdb","DBROWNING",2020-05-06 11:49:31,"DBROWNING",2020-05-06 11:49:31
"190716093154231",3,NA,NA,NA,NA,NA,NA,"","","","","","","","","","","","","","","","","","",NA,NA,NA,NA,NA,NA,NA,NA,NA,NA,NA,NA,NA,NA,NA,NA,NA,NA,NA,NA,NA,NA,NA,NA,NA,NA,NA,NA,NA,NA,NA,NA,NA,NA,NA,NA,0,0,0,0,0,0,0,0,0,0,0,0,0,0,0,0,0,0,"2019-09-01","19071207265771652019-09-01","UT_GrandStaircaseEscalanteNM_LUP_2019_5-4_03.mdb","DBROWNING",2020-05-06 11:49:31,"DBROWNING",2020-05-06 11:49:31
"1907161034073859",1,"1","1","2","2","3","3","4","8","12","16","20","24","4","8","12","16","20","24","4","8","12","16","20","23.6","NC","NC","Sh","G","G","G","NC","G","NC","NC","G","NC","NC","Sh","NC","NC","NC","NC",5,6,6,2,6,4,6,6,4,3,6,2,2,6,5,4,6,3,0,0,0,0,0,0,0,0,0,0,0,0,0,0,0,0,0,0,"2019-09-01","1907111406492262019-09-01","UT_GrandStaircaseEscalanteNM_LUP_2019_5-4_03.mdb","DBROWNING",2020-05-06 11:49:31,"DBROWNING",2020-05-06 11:49:31
"1907161034073859",2,NA,NA,NA,NA,NA,NA,"","","","","","","","","","","","","","","","","","",NA,NA,NA,NA,NA,NA,NA,NA,NA,NA,NA,NA,NA,NA,NA,NA,NA,NA,NA,NA,NA,NA,NA,NA,NA,NA,NA,NA,NA,NA,NA,NA,NA,NA,NA,NA,0,0,0,0,0,0,0,0,0,0,0,0,0,0,0,0,0,0,"2019-09-01","1907111406492262019-09-01","UT_GrandStaircaseEscalanteNM_LUP_2019_5-4_03.mdb","DBROWNING",2020-05-06 11:49:31,"DBROWNING",2020-05-06 11:49:31
"1907161034073859",3,NA,NA,NA,NA,NA,NA,"","","","","","","","","","","","","","","","","","",NA,NA,NA,NA,NA,NA,NA,NA,NA,NA,NA,NA,NA,NA,NA,NA,NA,NA,NA,NA,NA,NA,NA,NA,NA,NA,NA,NA,NA,NA,NA,NA,NA,NA,NA,NA,0,0,0,0,0,0,0,0,0,0,0,0,0,0,0,0,0,0,"2019-09-01","1907111406492262019-09-01","UT_GrandStaircaseEscalanteNM_LUP_2019_5-4_03.mdb","DBROWNING",2020-05-06 11:49:31,"DBROWNING",2020-05-06 11:49:31
"1907161222113928",1,"1","1","2","2","3","3","4","8","12","16.6","20","24.4","4","8","12","16","20","24.4","4","8","12","16","20","24","NC","NC","NC","NC","NC","NC","NC","NC","G","NC","Sh","NC","NC","NC","NC","NC","Sh","NC",1,1,1,1,1,1,1,1,1,1,6,2,1,1,1,3,6,1,0,0,0,0,0,0,0,0,0,0,0,0,0,0,0,0,0,0,"2019-09-01","19071108065862072019-09-01","UT_GrandStaircaseEscalanteNM_LUP_2019_5-4_03.mdb","DBROWNING",2020-05-06 11:49:31,"DBROWNING",2020-05-06 11:49:31
"1907161222113928",2,NA,NA,NA,NA,NA,NA,"","","","","","","","","","","","","","","","","","",NA,NA,NA,NA,NA,NA,NA,NA,NA,NA,NA,NA,NA,NA,NA,NA,NA,NA,NA,NA,NA,NA,NA,NA,NA,NA,NA,NA,NA,NA,NA,NA,NA,NA,NA,NA,0,0,0,0,0,0,0,0,0,0,0,0,0,0,0,0,0,0,"2019-09-01","19071108065862072019-09-01","UT_GrandStaircaseEscalanteNM_LUP_2019_5-4_03.mdb","DBROWNING",2020-05-06 11:49:31,"DBROWNING",2020-05-06 11:49:31
"1907161222113928",3,NA,NA,NA,NA,NA,NA,"","","","","","","","","","","","","","","","","","",NA,NA,NA,NA,NA,NA,NA,NA,NA,NA,NA,NA,NA,NA,NA,NA,NA,NA,NA,NA,NA,NA,NA,NA,NA,NA,NA,NA,NA,NA,NA,NA,NA,NA,NA,NA,0,0,0,0,0,0,0,0,0,0,0,0,0,0,0,0,0,0,"2019-09-01","19071108065862072019-09-01","UT_GrandStaircaseEscalanteNM_LUP_2019_5-4_03.mdb","DBROWNING",2020-05-06 11:49:31,"DBROWNING",2020-05-06 11:49:31
"1907161252218651",1,"1","1","2","2","3","3","4","8","12","16","20","24","4","8","12","16","20","24","4","8","12","16","20","24","NC","T","T","NC","Sh","T","NC","NC","NC","T","T","NC","T","NC","NC","Sh","Sh","Sh",6,5,5,6,6,5,4,6,6,6,3,4,2,6,6,5,3,6,0,0,0,0,0,0,0,0,0,0,0,0,0,0,0,0,0,0,"2019-09-01","19071407443997632019-09-01","UT_GrandStaircaseEscalanteNM_LUP_2019_5-4_03.mdb","DBROWNING",2020-05-06 11:49:31,"DBROWNING",2020-05-06 11:49:31
"1907161252218651",2,NA,NA,NA,NA,NA,NA,"","","","","","","","","","","","","","","","","","",NA,NA,NA,NA,NA,NA,NA,NA,NA,NA,NA,NA,NA,NA,NA,NA,NA,NA,NA,NA,NA,NA,NA,NA,NA,NA,NA,NA,NA,NA,NA,NA,NA,NA,NA,NA,0,0,0,0,0,0,0,0,0,0,0,0,0,0,0,0,0,0,"2019-09-01","19071407443997632019-09-01","UT_GrandStaircaseEscalanteNM_LUP_2019_5-4_03.mdb","DBROWNING",2020-05-06 11:49:31,"DBROWNING",2020-05-06 11:49:31
"1907161252218651",3,NA,NA,NA,NA,NA,NA,"","","","","","","","","","","","","","","","","","",NA,NA,NA,NA,NA,NA,NA,NA,NA,NA,NA,NA,NA,NA,NA,NA,NA,NA,NA,NA,NA,NA,NA,NA,NA,NA,NA,NA,NA,NA,NA,NA,NA,NA,NA,NA,0,0,0,0,0,0,0,0,0,0,0,0,0,0,0,0,0,0,"2019-09-01","19071407443997632019-09-01","UT_GrandStaircaseEscalanteNM_LUP_2019_5-4_03.mdb","DBROWNING",2020-05-06 11:49:31,"DBROWNING",2020-05-06 11:49:31
"190716130951584",1,"1","1","2","2","3","3","6","9.5","13.5","15.3","20","24.6","4","8","12","15.5","20","24","4","8","12","16","18.7","22.5","T","NC","T","Sh","NC","T","NC","T","T","T","NC","NC","NC","T","NC","NC","NC","NC",5,2,6,3,6,1,1,1,3,1,2,3,1,5,3,3,3,6,0,0,0,0,0,0,0,0,0,0,0,0,0,0,0,0,0,0,"2019-09-01","19071507313265642019-09-01","UT_GrandStaircaseEscalanteNM_LUP_2019_5-4_03.mdb","DBROWNING",2020-05-06 11:49:31,"DBROWNING",2020-05-06 11:49:31
"190716130951584",2,NA,NA,NA,NA,NA,NA,"","","","","","","","","","","","","","","","","","",NA,NA,NA,NA,NA,NA,NA,NA,NA,NA,NA,NA,NA,NA,NA,NA,NA,NA,NA,NA,NA,NA,NA,NA,NA,NA,NA,NA,NA,NA,NA,NA,NA,NA,NA,NA,0,0,0,0,0,0,0,0,0,0,0,0,0,0,0,0,0,0,"2019-09-01","19071507313265642019-09-01","UT_GrandStaircaseEscalanteNM_LUP_2019_5-4_03.mdb","DBROWNING",2020-05-06 11:49:31,"DBROWNING",2020-05-06 11:49:31
"190716130951584",3,NA,NA,NA,NA,NA,NA,"","","","","","","","","","","","","","","","","","",NA,NA,NA,NA,NA,NA,NA,NA,NA,NA,NA,NA,NA,NA,NA,NA,NA,NA,NA,NA,NA,NA,NA,NA,NA,NA,NA,NA,NA,NA,NA,NA,NA,NA,NA,NA,0,0,0,0,0,0,0,0,0,0,0,0,0,0,0,0,0,0,"2019-09-01","19071507313265642019-09-01","UT_GrandStaircaseEscalanteNM_LUP_2019_5-4_03.mdb","DBROWNING",2020-05-06 11:49:31,"DBROWNING",2020-05-06 11:49:31
"1907161334404518",1,"1","1","2","2","3","3","4","8","12","16","20","24","4","8","12","16","20.4","24","4","8","12","16","20","24","Sh","NC","NC","NC","NC","Sh","NC","NC","NC","NC","NC","NC","NC","NC","NC","NC","NC","NC",6,3,1,1,2,5,6,6,3,2,1,2,6,6,6,6,6,4,0,0,0,0,0,0,0,0,0,0,0,0,0,0,0,0,0,0,"2019-09-01","19071212340255922019-09-01","UT_GrandStaircaseEscalanteNM_LUP_2019_5-4_03.mdb","DBROWNING",2020-05-06 11:49:31,"DBROWNING",2020-05-06 11:49:31
"1907161334404518",2,NA,NA,NA,NA,NA,NA,"","","","","","","","","","","","","","","","","","",NA,NA,NA,NA,NA,NA,NA,NA,NA,NA,NA,NA,NA,NA,NA,NA,NA,NA,NA,NA,NA,NA,NA,NA,NA,NA,NA,NA,NA,NA,NA,NA,NA,NA,NA,NA,0,0,0,0,0,0,0,0,0,0,0,0,0,0,0,0,0,0,"2019-09-01","19071212340255922019-09-01","UT_GrandStaircaseEscalanteNM_LUP_2019_5-4_03.mdb","DBROWNING",2020-05-06 11:49:31,"DBROWNING",2020-05-06 11:49:31
"1907161334404518",3,NA,NA,NA,NA,NA,NA,"","","","","","","","","","","","","","","","","","",NA,NA,NA,NA,NA,NA,NA,NA,NA,NA,NA,NA,NA,NA,NA,NA,NA,NA,NA,NA,NA,NA,NA,NA,NA,NA,NA,NA,NA,NA,NA,NA,NA,NA,NA,NA,0,0,0,0,0,0,0,0,0,0,0,0,0,0,0,0,0,0,"2019-09-01","19071212340255922019-09-01","UT_GrandStaircaseEscalanteNM_LUP_2019_5-4_03.mdb","DBROWNING",2020-05-06 11:49:31,"DBROWNING",2020-05-06 11:49:31
"1907260758217780",1,"1","1","2","2","3","3","4","8","12","16","20","24","4","8","12","16","20","24","4","8","12","16","20","24","G","G","T","T","T","T","NC","T","T","T","T","T","NC","T","T","T","T","T",6,5,3,6,6,3,3,5,1,2,4,1,3,3,6,6,6,6,0,0,0,1,1,0,0,0,0,0,0,0,0,0,1,1,1,0,"2019-09-01","19072510352554362019-09-01","UT_GrandStaircaseEscalanteNM_LUP_2019_5-4_03.mdb","DBROWNING",2020-05-06 11:49:31,"DBROWNING",2020-05-06 11:49:31
"1907260758217780",2,NA,NA,NA,NA,NA,NA,"","","","","","","","","","","","","","","","","","",NA,NA,NA,NA,NA,NA,NA,NA,NA,NA,NA,NA,NA,NA,NA,NA,NA,NA,NA,NA,NA,NA,NA,NA,NA,NA,NA,NA,NA,NA,NA,NA,NA,NA,NA,NA,0,0,0,0,0,0,0,0,0,0,0,0,0,0,0,0,0,0,"2019-09-01","19072510352554362019-09-01","UT_GrandStaircaseEscalanteNM_LUP_2019_5-4_03.mdb","DBROWNING",2020-05-06 11:49:31,"DBROWNING",2020-05-06 11:49:31
"1907260758217780",3,NA,NA,NA,NA,NA,NA,"","","","","","","","","","","","","","","","","","",NA,NA,NA,NA,NA,NA,NA,NA,NA,NA,NA,NA,NA,NA,NA,NA,NA,NA,NA,NA,NA,NA,NA,NA,NA,NA,NA,NA,NA,NA,NA,NA,NA,NA,NA,NA,0,0,0,0,0,0,0,0,0,0,0,0,0,0,0,0,0,0,"2019-09-01","19072510352554362019-09-01","UT_GrandStaircaseEscalanteNM_LUP_2019_5-4_03.mdb","DBROWNING",2020-05-06 11:49:31,"DBROWNING",2020-05-06 11:49:31
"1907161126208098",1,"1","1","2","2","3","3","4","8","12.7","16","20","24","4.3","8","12","16","20","24","4","8","12","16","20","24","NC","NC","NC","NC","T","NC","Sh","NC","NC","NC","NC","Sh","Sh","NC","Sh","NC","NC","NC",6,6,2,6,4,5,1,1,5,4,3,6,3,6,2,1,6,6,0,0,0,0,0,0,0,0,0,0,0,0,0,0,0,0,0,0,"2019-09-01","19071307182343162019-09-01","UT_GrandStaircaseEscalanteNM_LUP_2019_5-4_03.mdb","DBROWNING",2020-05-06 11:49:31,"DBROWNING",2020-05-06 11:49:31
"1907161126208098",2,NA,NA,NA,NA,NA,NA,"","","","","","","","","","","","","","","","","","",NA,NA,NA,NA,NA,NA,NA,NA,NA,NA,NA,NA,NA,NA,NA,NA,NA,NA,NA,NA,NA,NA,NA,NA,NA,NA,NA,NA,NA,NA,NA,NA,NA,NA,NA,NA,0,0,0,0,0,0,0,0,0,0,0,0,0,0,0,0,0,0,"2019-09-01","19071307182343162019-09-01","UT_GrandStaircaseEscalanteNM_LUP_2019_5-4_03.mdb","DBROWNING",2020-05-06 11:49:31,"DBROWNING",2020-05-06 11:49:31
"1907161126208098",3,NA,NA,NA,NA,NA,NA,"","","","","","","","","","","","","","","","","","",NA,NA,NA,NA,NA,NA,NA,NA,NA,NA,NA,NA,NA,NA,NA,NA,NA,NA,NA,NA,NA,NA,NA,NA,NA,NA,NA,NA,NA,NA,NA,NA,NA,NA,NA,NA,0,0,0,0,0,0,0,0,0,0,0,0,0,0,0,0,0,0,"2019-09-01","19071307182343162019-09-01","UT_GrandStaircaseEscalanteNM_LUP_2019_5-4_03.mdb","DBROWNING",2020-05-06 11:49:31,"DBROWNING",2020-05-06 11:49:31
"1907161156152276",1,"1","1","2","2","3","3","4","8","12","16","20","24","4","8","12","16","20","24","4","8","12","16","20","24","NC","G","G","NC","NC","NC","Sh","NC","G","G","G","G","NC","Sh","G","Sh","NC","G",3,6,6,6,2,2,5,4,6,6,2,6,6,6,6,1,6,6,0,0,0,0,0,0,0,0,0,0,0,0,0,0,0,0,0,0,"2019-09-01","19071313093952172019-09-01","UT_GrandStaircaseEscalanteNM_LUP_2019_5-4_03.mdb","DBROWNING",2020-05-06 11:49:31,"DBROWNING",2020-05-06 11:49:31
"1907161156152276",2,NA,NA,NA,NA,NA,NA,"","","","","","","","","","","","","","","","","","",NA,NA,NA,NA,NA,NA,NA,NA,NA,NA,NA,NA,NA,NA,NA,NA,NA,NA,NA,NA,NA,NA,NA,NA,NA,NA,NA,NA,NA,NA,NA,NA,NA,NA,NA,NA,0,0,0,0,0,0,0,0,0,0,0,0,0,0,0,0,0,0,"2019-09-01","19071313093952172019-09-01","UT_GrandStaircaseEscalanteNM_LUP_2019_5-4_03.mdb","DBROWNING",2020-05-06 11:49:31,"DBROWNING",2020-05-06 11:49:31
"1907161156152276",3,NA,NA,NA,NA,NA,NA,"","","","","","","","","","","","","","","","","","",NA,NA,NA,NA,NA,NA,NA,NA,NA,NA,NA,NA,NA,NA,NA,NA,NA,NA,NA,NA,NA,NA,NA,NA,NA,NA,NA,NA,NA,NA,NA,NA,NA,NA,NA,NA,0,0,0,0,0,0,0,0,0,0,0,0,0,0,0,0,0,0,"2019-09-01","19071313093952172019-09-01","UT_GrandStaircaseEscalanteNM_LUP_2019_5-4_03.mdb","DBROWNING",2020-05-06 11:49:31,"DBROWNING",2020-05-06 11:49:31
"190809084319996",1,"1","1","2","2","3","3","4","8","12","16","20","24","4","8","12","16","20","24","4","8","12","16","20","24","NC","Sh","NC","Sh","NC","NC","NC","NC","NC","NC","NC","NC","T","T","T","NC","NC","NC",1,6,1,3,3,1,1,2,4,3,1,1,6,6,5,3,3,1,0,0,0,0,0,0,0,0,0,0,0,0,0,0,0,0,0,0,"2019-09-01","1908071327103232019-09-01","UT_GrandStaircaseEscalanteNM_LUP_2019_5-4_03.mdb","DBROWNING",2020-05-06 11:49:31,"DBROWNING",2020-05-06 11:49:31
"190809084319996",2,NA,NA,NA,NA,NA,NA,"","","","","","","","","","","","","","","","","","",NA,NA,NA,NA,NA,NA,NA,NA,NA,NA,NA,NA,NA,NA,NA,NA,NA,NA,NA,NA,NA,NA,NA,NA,NA,NA,NA,NA,NA,NA,NA,NA,NA,NA,NA,NA,0,0,0,0,0,0,0,0,0,0,0,0,0,0,0,0,0,0,"2019-09-01","1908071327103232019-09-01","UT_GrandStaircaseEscalanteNM_LUP_2019_5-4_03.mdb","DBROWNING",2020-05-06 11:49:31,"DBROWNING",2020-05-06 11:49:31
"190809084319996",3,NA,NA,NA,NA,NA,NA,"","","","","","","","","","","","","","","","","","",NA,NA,NA,NA,NA,NA,NA,NA,NA,NA,NA,NA,NA,NA,NA,NA,NA,NA,NA,NA,NA,NA,NA,NA,NA,NA,NA,NA,NA,NA,NA,NA,NA,NA,NA,NA,0,0,0,0,0,0,0,0,0,0,0,0,0,0,0,0,0,0,"2019-09-01","1908071327103232019-09-01","UT_GrandStaircaseEscalanteNM_LUP_2019_5-4_03.mdb","DBROWNING",2020-05-06 11:49:31,"DBROWNING",2020-05-06 11:49:31
"1908090903433994",1,"1","1","2","2","3","3","4","8","12","16","20","24","4","8","12","16","20","24","4","7.5","12","16","20","24","NC","NC","NC","Sh","NC","NC","Sh","NC","T","NC","T","NC","Sh","NC","Sh","NC","NC","NC",1,6,4,6,1,3,6,5,6,6,6,3,6,6,1,2,3,3,0,0,0,1,0,0,0,0,0,0,1,0,0,1,0,0,0,0,"2019-09-01","19080808244384022019-09-01","UT_GrandStaircaseEscalanteNM_LUP_2019_5-4_03.mdb","DBROWNING",2020-05-06 11:49:31,"DBROWNING",2020-05-06 11:49:31
"1908090903433994",2,NA,NA,NA,NA,NA,NA,"","","","","","","","","","","","","","","","","","",NA,NA,NA,NA,NA,NA,NA,NA,NA,NA,NA,NA,NA,NA,NA,NA,NA,NA,NA,NA,NA,NA,NA,NA,NA,NA,NA,NA,NA,NA,NA,NA,NA,NA,NA,NA,0,0,0,0,0,0,0,0,0,0,0,0,0,0,0,0,0,0,"2019-09-01","19080808244384022019-09-01","UT_GrandStaircaseEscalanteNM_LUP_2019_5-4_03.mdb","DBROWNING",2020-05-06 11:49:31,"DBROWNING",2020-05-06 11:49:31
"1908090903433994",3,NA,NA,NA,NA,NA,NA,"","","","","","","","","","","","","","","","","","",NA,NA,NA,NA,NA,NA,NA,NA,NA,NA,NA,NA,NA,NA,NA,NA,NA,NA,NA,NA,NA,NA,NA,NA,NA,NA,NA,NA,NA,NA,NA,NA,NA,NA,NA,NA,0,0,0,0,0,0,0,0,0,0,0,0,0,0,0,0,0,0,"2019-09-01","19080808244384022019-09-01","UT_GrandStaircaseEscalanteNM_LUP_2019_5-4_03.mdb","DBROWNING",2020-05-06 11:49:31,"DBROWNING",2020-05-06 11:49:31
"1908090928007780",1,"1","1","2","2","3","3","4","8","12","16","20","24","4","8","12","16","20","24","4","8","13","16","20","24.9","NC","Sh","NC","T","T","T","NC","NC","NC","NC","T","T","T","T","Sh","NC","NC","Sh",1,1,2,6,6,4,4,3,3,2,2,6,6,6,1,4,3,3,0,0,0,0,1,0,0,0,0,0,0,0,0,0,0,0,0,0,"2019-09-01","19073012003183612019-09-01","UT_GrandStaircaseEscalanteNM_LUP_2019_5-4_03.mdb","DBROWNING",2020-05-06 11:49:31,"DBROWNING",2020-05-06 11:49:31
"1908090928007780",2,NA,NA,NA,NA,NA,NA,"","","","","","","","","","","","","","","","","","",NA,NA,NA,NA,NA,NA,NA,NA,NA,NA,NA,NA,NA,NA,NA,NA,NA,NA,NA,NA,NA,NA,NA,NA,NA,NA,NA,NA,NA,NA,NA,NA,NA,NA,NA,NA,0,0,0,0,0,0,0,0,0,0,0,0,0,0,0,0,0,0,"2019-09-01","19073012003183612019-09-01","UT_GrandStaircaseEscalanteNM_LUP_2019_5-4_03.mdb","DBROWNING",2020-05-06 11:49:31,"DBROWNING",2020-05-06 11:49:31
"1908090928007780",3,NA,NA,NA,NA,NA,NA,"","","","","","","","","","","","","","","","","","",NA,NA,NA,NA,NA,NA,NA,NA,NA,NA,NA,NA,NA,NA,NA,NA,NA,NA,NA,NA,NA,NA,NA,NA,NA,NA,NA,NA,NA,NA,NA,NA,NA,NA,NA,NA,0,0,0,0,0,0,0,0,0,0,0,0,0,0,0,0,0,0,"2019-09-01","19073012003183612019-09-01","UT_GrandStaircaseEscalanteNM_LUP_2019_5-4_03.mdb","DBROWNING",2020-05-06 11:49:31,"DBROWNING",2020-05-06 11:49:31
"1908091105034984",1,"1","1","2","2","3","3","4","8","12","16","20","24","4","8","12","16","20","24","4","8","12","16","20","24","NC","G","NC","NC","NC","NC","NC","NC","NC","NC","G","NC","NC","NC","NC","NC","G","NC",2,5,1,2,1,1,6,3,3,4,4,1,1,1,3,1,4,3,0,0,0,0,0,0,0,0,0,0,0,0,0,0,0,0,0,0,"2019-09-01","19072612481561662019-09-01","UT_GrandStaircaseEscalanteNM_LUP_2019_5-4_03.mdb","DBROWNING",2020-05-06 11:49:31,"DBROWNING",2020-05-06 11:49:31
"1908091105034984",2,NA,NA,NA,NA,NA,NA,"","","","","","","","","","","","","","","","","","",NA,NA,NA,NA,NA,NA,NA,NA,NA,NA,NA,NA,NA,NA,NA,NA,NA,NA,NA,NA,NA,NA,NA,NA,NA,NA,NA,NA,NA,NA,NA,NA,NA,NA,NA,NA,0,0,0,0,0,0,0,0,0,0,0,0,0,0,0,0,0,0,"2019-09-01","19072612481561662019-09-01","UT_GrandStaircaseEscalanteNM_LUP_2019_5-4_03.mdb","DBROWNING",2020-05-06 11:49:31,"DBROWNING",2020-05-06 11:49:31
"1908091105034984",3,NA,NA,NA,NA,NA,NA,"","","","","","","","","","","","","","","","","","",NA,NA,NA,NA,NA,NA,NA,NA,NA,NA,NA,NA,NA,NA,NA,NA,NA,NA,NA,NA,NA,NA,NA,NA,NA,NA,NA,NA,NA,NA,NA,NA,NA,NA,NA,NA,0,0,0,0,0,0,0,0,0,0,0,0,0,0,0,0,0,0,"2019-09-01","19072612481561662019-09-01","UT_GrandStaircaseEscalanteNM_LUP_2019_5-4_03.mdb","DBROWNING",2020-05-06 11:49:31,"DBROWNING",2020-05-06 11:49:31
"1908091129281376",1,"1","1","2","2","3","3","4","8","12.6","16","20","24","4","8","12","15","20","24","4","8","12","16","20","24","NC","NC","Sh","G","G","G","Sh","Sh","G","Sh","NC","Sh","Sh","NC","G","Sh","Sh","G",6,1,4,5,6,6,2,5,1,3,1,5,6,3,6,3,6,5,0,0,0,0,0,0,0,0,0,0,0,0,0,0,0,0,0,0,"2019-09-01","19072911035151822019-09-01","UT_GrandStaircaseEscalanteNM_LUP_2019_5-4_03.mdb","DBROWNING",2020-05-06 11:49:31,"DBROWNING",2020-05-06 11:49:31
"1908091129281376",2,NA,NA,NA,NA,NA,NA,"","","","","","","","","","","","","","","","","","",NA,NA,NA,NA,NA,NA,NA,NA,NA,NA,NA,NA,NA,NA,NA,NA,NA,NA,NA,NA,NA,NA,NA,NA,NA,NA,NA,NA,NA,NA,NA,NA,NA,NA,NA,NA,0,0,0,0,0,0,0,0,0,0,0,0,0,0,0,0,0,0,"2019-09-01","19072911035151822019-09-01","UT_GrandStaircaseEscalanteNM_LUP_2019_5-4_03.mdb","DBROWNING",2020-05-06 11:49:31,"DBROWNING",2020-05-06 11:49:31
"1908091129281376",3,NA,NA,NA,NA,NA,NA,"","","","","","","","","","","","","","","","","","",NA,NA,NA,NA,NA,NA,NA,NA,NA,NA,NA,NA,NA,NA,NA,NA,NA,NA,NA,NA,NA,NA,NA,NA,NA,NA,NA,NA,NA,NA,NA,NA,NA,NA,NA,NA,0,0,0,0,0,0,0,0,0,0,0,0,0,0,0,0,0,0,"2019-09-01","19072911035151822019-09-01","UT_GrandStaircaseEscalanteNM_LUP_2019_5-4_03.mdb","DBROWNING",2020-05-06 11:49:31,"DBROWNING",2020-05-06 11:49:31
"190809143407796",1,"1","1","2","2","3","3","4","8","12","16","20","24","4","8","12","16","20","24","4","8","12.8","16","20","24","NC","Sh","Sh","NC","Sh","NC","Sh","Sh","NC","T","NC","NC","NC","Sh","Sh","NC","NC","NC",1,2,5,1,6,1,2,1,1,5,2,5,3,2,1,6,3,2,0,0,0,0,0,0,0,0,0,0,0,0,0,0,0,0,0,0,"2019-09-01","19072815330678182019-09-01","UT_GrandStaircaseEscalanteNM_LUP_2019_5-4_03.mdb","DBROWNING",2020-05-06 11:49:31,"DBROWNING",2020-05-06 11:49:31
"190809143407796",2,NA,NA,NA,NA,NA,NA,"","","","","","","","","","","","","","","","","","",NA,NA,NA,NA,NA,NA,NA,NA,NA,NA,NA,NA,NA,NA,NA,NA,NA,NA,NA,NA,NA,NA,NA,NA,NA,NA,NA,NA,NA,NA,NA,NA,NA,NA,NA,NA,0,0,0,0,0,0,0,0,0,0,0,0,0,0,0,0,0,0,"2019-09-01","19072815330678182019-09-01","UT_GrandStaircaseEscalanteNM_LUP_2019_5-4_03.mdb","DBROWNING",2020-05-06 11:49:31,"DBROWNING",2020-05-06 11:49:31
"190809143407796",3,NA,NA,NA,NA,NA,NA,"","","","","","","","","","","","","","","","","","",NA,NA,NA,NA,NA,NA,NA,NA,NA,NA,NA,NA,NA,NA,NA,NA,NA,NA,NA,NA,NA,NA,NA,NA,NA,NA,NA,NA,NA,NA,NA,NA,NA,NA,NA,NA,0,0,0,0,0,0,0,0,0,0,0,0,0,0,0,0,0,0,"2019-09-01","19072815330678182019-09-01","UT_GrandStaircaseEscalanteNM_LUP_2019_5-4_03.mdb","DBROWNING",2020-05-06 11:49:31,"DBROWNING",2020-05-06 11:49:31
"190809145805775",1,"1","1","2","2","3","3","4","8","12","16","20","24","4","8","12","16","20","24","4","8","12","16","20","24","NC","NC","T","NC","NC","NC","NC","NC","T","NC","T","T","NC","NC","NC","T","NC","NC",3,2,6,3,2,1,1,1,1,3,6,6,6,1,2,5,1,2,0,0,0,0,0,0,0,0,0,0,1,0,0,0,0,0,0,0,"2019-09-01","19072808444474872019-09-01","UT_GrandStaircaseEscalanteNM_LUP_2019_5-4_03.mdb","DBROWNING",2020-05-06 11:49:31,"DBROWNING",2020-05-06 11:49:31
"190809145805775",2,NA,NA,NA,NA,NA,NA,"","","","","","","","","","","","","","","","","","",NA,NA,NA,NA,NA,NA,NA,NA,NA,NA,NA,NA,NA,NA,NA,NA,NA,NA,NA,NA,NA,NA,NA,NA,NA,NA,NA,NA,NA,NA,NA,NA,NA,NA,NA,NA,0,0,0,0,0,0,0,0,0,0,0,0,0,0,0,0,0,0,"2019-09-01","19072808444474872019-09-01","UT_GrandStaircaseEscalanteNM_LUP_2019_5-4_03.mdb","DBROWNING",2020-05-06 11:49:31,"DBROWNING",2020-05-06 11:49:31
"190809145805775",3,NA,NA,NA,NA,NA,NA,"","","","","","","","","","","","","","","","","","",NA,NA,NA,NA,NA,NA,NA,NA,NA,NA,NA,NA,NA,NA,NA,NA,NA,NA,NA,NA,NA,NA,NA,NA,NA,NA,NA,NA,NA,NA,NA,NA,NA,NA,NA,NA,0,0,0,0,0,0,0,0,0,0,0,0,0,0,0,0,0,0,"2019-09-01","19072808444474872019-09-01","UT_GrandStaircaseEscalanteNM_LUP_2019_5-4_03.mdb","DBROWNING",2020-05-06 11:49:31,"DBROWNING",2020-05-06 11:49:31
"190425123328354",3,NA,NA,NA,NA,NA,NA,"","","","","","","","","","","","","","","","","","",NA,NA,NA,NA,NA,NA,NA,NA,NA,NA,NA,NA,NA,NA,NA,NA,NA,NA,NA,NA,NA,NA,NA,NA,NA,NA,NA,NA,NA,NA,NA,NA,NA,NA,NA,NA,0,0,0,0,0,0,0,0,0,0,0,0,0,0,0,0,0,0,"2019-09-01","19042408531926082019-09-01","UT_GrandStaircaseEscalanteNM_LUP_2019_5-4_03.mdb","DBROWNING",2020-05-06 11:49:31,"DBROWNING",2020-05-06 11:49:31
"1904251218162998",1,"1","1","2","2","3","3","4","8","12","16","20","24","4","8","12","16","20","24","4","8","12","16","20","24","NC","Sh","NC","NC","Sh","Sh","Sh","Sh","F","NC","F","NC","Sh","Sh","NC","F","F","NC",5,3,2,1,1,5,1,2,2,1,3,1,3,5,1,3,1,1,0,0,0,0,0,0,0,0,0,0,0,0,0,0,0,0,0,0,"2019-09-01","19042308550131962019-09-01","UT_GrandStaircaseEscalanteNM_LUP_2019_5-4_03.mdb","DBROWNING",2020-05-06 11:49:31,"DBROWNING",2020-05-06 11:49:31
"1904251218162998",2,NA,NA,NA,NA,NA,NA,"","","","","","","","","","","","","","","","","","",NA,NA,NA,NA,NA,NA,NA,NA,NA,NA,NA,NA,NA,NA,NA,NA,NA,NA,NA,NA,NA,NA,NA,NA,NA,NA,NA,NA,NA,NA,NA,NA,NA,NA,NA,NA,0,0,0,0,0,0,0,0,0,0,0,0,0,0,0,0,0,0,"2019-09-01","19042308550131962019-09-01","UT_GrandStaircaseEscalanteNM_LUP_2019_5-4_03.mdb","DBROWNING",2020-05-06 11:49:31,"DBROWNING",2020-05-06 11:49:31
"1904251218162998",3,NA,NA,NA,NA,NA,NA,"","","","","","","","","","","","","","","","","","",NA,NA,NA,NA,NA,NA,NA,NA,NA,NA,NA,NA,NA,NA,NA,NA,NA,NA,NA,NA,NA,NA,NA,NA,NA,NA,NA,NA,NA,NA,NA,NA,NA,NA,NA,NA,0,0,0,0,0,0,0,0,0,0,0,0,0,0,0,0,0,0,"2019-09-01","19042308550131962019-09-01","UT_GrandStaircaseEscalanteNM_LUP_2019_5-4_03.mdb","DBROWNING",2020-05-06 11:49:31,"DBROWNING",2020-05-06 11:49:31
"1905210925513801",1,"1","1","2","2","3","3","4","8","12","16","20","24","4","8","12","16","22","24","4","8.30","12","16.60","20","24","Sh","NC","NC","NC","NC","NC","NC","G","NC","Sh","NC","NC","NC","NC","NC","NC","NC","NC",3,2,5,2,6,2,1,2,2,3,6,2,1,2,5,1,6,4,0,0,0,0,0,0,0,0,0,0,0,0,0,0,0,0,0,0,"2019-09-01","19051714473180282019-09-01","UT_GrandStaircaseEscalanteNM_LUP_2019_5-4_03.mdb","DBROWNING",2020-05-06 11:49:31,"DBROWNING",2020-05-06 11:49:31
"1906190949499786",1,"1","1","2","2","3","3","4","8","12","16","20","24","4","8","12","16","20","24","4","8","12","16","20","24","NC","NC","NC","NC","NC","Sh","NC","NC","NC","Sh","NC","NC","T","T","NC","NC","Sh","NC",5,5,4,3,6,3,1,6,6,5,2,5,3,4,2,1,4,6,0,0,0,0,0,0,0,0,0,0,0,0,0,0,0,0,0,0,"2019-09-01","19061707295931942019-09-01","UT_GrandStaircaseEscalanteNM_LUP_2019_5-4_03.mdb","DBROWNING",2020-05-06 11:49:31,"DBROWNING",2020-05-06 11:49:31
"1905210925513801",2,NA,NA,NA,NA,NA,NA,"","","","","","","","","","","","","","","","","","",NA,NA,NA,NA,NA,NA,NA,NA,NA,NA,NA,NA,NA,NA,NA,NA,NA,NA,NA,NA,NA,NA,NA,NA,NA,NA,NA,NA,NA,NA,NA,NA,NA,NA,NA,NA,0,0,0,0,0,0,0,0,0,0,0,0,0,0,0,0,0,0,"2019-09-01","19051714473180282019-09-01","UT_GrandStaircaseEscalanteNM_LUP_2019_5-4_03.mdb","DBROWNING",2020-05-06 11:49:31,"DBROWNING",2020-05-06 11:49:31
"1905210925513801",3,NA,NA,NA,NA,NA,NA,"","","","","","","","","","","","","","","","","","",NA,NA,NA,NA,NA,NA,NA,NA,NA,NA,NA,NA,NA,NA,NA,NA,NA,NA,NA,NA,NA,NA,NA,NA,NA,NA,NA,NA,NA,NA,NA,NA,NA,NA,NA,NA,0,0,0,0,0,0,0,0,0,0,0,0,0,0,0,0,0,0,"2019-09-01","19051714473180282019-09-01","UT_GrandStaircaseEscalanteNM_LUP_2019_5-4_03.mdb","DBROWNING",2020-05-06 11:49:31,"DBROWNING",2020-05-06 11:49:31
"1905211227439213",1,"1","1","2","2","3","3","4","8","12","16","20","24","4","8","12","16","20","24","4","8","12","16","20","24","NC","G","NC","NC","Sh","G","NC","Sh","G","NC","Sh","G","Sh","Sh","NC","G","G","Sh",1,5,1,2,2,6,1,2,2,2,2,1,3,6,2,6,1,4,0,0,0,0,0,0,0,0,0,0,0,0,0,0,0,0,0,0,"2019-09-01","19051708562559892019-09-01","UT_GrandStaircaseEscalanteNM_LUP_2019_5-4_03.mdb","DBROWNING",2020-05-06 11:49:31,"DBROWNING",2020-05-06 11:49:31
"1905211227439213",2,NA,NA,NA,NA,NA,NA,"","","","","","","","","","","","","","","","","","",NA,NA,NA,NA,NA,NA,NA,NA,NA,NA,NA,NA,NA,NA,NA,NA,NA,NA,NA,NA,NA,NA,NA,NA,NA,NA,NA,NA,NA,NA,NA,NA,NA,NA,NA,NA,0,0,0,0,0,0,0,0,0,0,0,0,0,0,0,0,0,0,"2019-09-01","19051708562559892019-09-01","UT_GrandStaircaseEscalanteNM_LUP_2019_5-4_03.mdb","DBROWNING",2020-05-06 11:49:31,"DBROWNING",2020-05-06 11:49:31
"1905211227439213",3,NA,NA,NA,NA,NA,NA,"","","","","","","","","","","","","","","","","","",NA,NA,NA,NA,NA,NA,NA,NA,NA,NA,NA,NA,NA,NA,NA,NA,NA,NA,NA,NA,NA,NA,NA,NA,NA,NA,NA,NA,NA,NA,NA,NA,NA,NA,NA,NA,0,0,0,0,0,0,0,0,0,0,0,0,0,0,0,0,0,0,"2019-09-01","19051708562559892019-09-01","UT_GrandStaircaseEscalanteNM_LUP_2019_5-4_03.mdb","DBROWNING",2020-05-06 11:49:31,"DBROWNING",2020-05-06 11:49:31
"190425123328354",1,"1","1","2","2","3","3","4","8","12","16","20","24","4","8","12","16","20","24","4","8","12","16","20","23.9","NC","T","T","NC","T","T","T","NC","NC","NC","NC","T","NC","NC","T","T","Sh","NC",6,3,5,1,6,6,3,3,2,3,3,2,1,6,5,6,3,3,0,0,0,0,0,0,0,0,0,0,0,0,0,0,0,1,0,0,"2019-09-01","19042408531926082019-09-01","UT_GrandStaircaseEscalanteNM_LUP_2019_5-4_03.mdb","DBROWNING",2020-05-06 11:49:31,"DBROWNING",2020-05-06 11:49:31
"190425123328354",2,NA,NA,NA,NA,NA,NA,"","","","","","","","","","","","","","","","","","",NA,NA,NA,NA,NA,NA,NA,NA,NA,NA,NA,NA,NA,NA,NA,NA,NA,NA,NA,NA,NA,NA,NA,NA,NA,NA,NA,NA,NA,NA,NA,NA,NA,NA,NA,NA,0,0,0,0,0,0,0,0,0,0,0,0,0,0,0,0,0,0,"2019-09-01","19042408531926082019-09-01","UT_GrandStaircaseEscalanteNM_LUP_2019_5-4_03.mdb","DBROWNING",2020-05-06 11:49:31,"DBROWNING",2020-05-06 11:49:31
"1906190949499786",2,NA,NA,NA,NA,NA,NA,"","","","","","","","","","","","","","","","","","",NA,NA,NA,NA,NA,NA,NA,NA,NA,NA,NA,NA,NA,NA,NA,NA,NA,NA,NA,NA,NA,NA,NA,NA,NA,NA,NA,NA,NA,NA,NA,NA,NA,NA,NA,NA,0,0,0,0,0,0,0,0,0,0,0,0,0,0,0,0,0,0,"2019-09-01","19061707295931942019-09-01","UT_GrandStaircaseEscalanteNM_LUP_2019_5-4_03.mdb","DBROWNING",2020-05-06 11:49:31,"DBROWNING",2020-05-06 11:49:31
"1906190949499786",3,NA,NA,NA,NA,NA,NA,"","","","","","","","","","","","","","","","","","",NA,NA,NA,NA,NA,NA,NA,NA,NA,NA,NA,NA,NA,NA,NA,NA,NA,NA,NA,NA,NA,NA,NA,NA,NA,NA,NA,NA,NA,NA,NA,NA,NA,NA,NA,NA,0,0,0,0,0,0,0,0,0,0,0,0,0,0,0,0,0,0,"2019-09-01","19061707295931942019-09-01","UT_GrandStaircaseEscalanteNM_LUP_2019_5-4_03.mdb","DBROWNING",2020-05-06 11:49:31,"DBROWNING",2020-05-06 11:49:31
"1906191010005783",1,"1","1","2","2","3","3","4","8","12","16","20","24","4","8","12","16","20","24.2","4","8","12","16","20","24","NC","Sh","NC","Sh","Sh","NC","G","NC","G","G","NC","G","NC","Sh","NC","NC","NC","NC",1,3,6,6,6,6,6,1,5,1,1,6,1,6,6,3,6,3,0,0,0,0,0,0,0,0,0,0,0,0,0,0,0,0,0,0,"2019-09-01","19061609332576632019-09-01","UT_GrandStaircaseEscalanteNM_LUP_2019_5-4_03.mdb","DBROWNING",2020-05-06 11:49:31,"DBROWNING",2020-05-06 11:49:31
"1906191010005783",2,NA,NA,NA,NA,NA,NA,"","","","","","","","","","","","","","","","","","",NA,NA,NA,NA,NA,NA,NA,NA,NA,NA,NA,NA,NA,NA,NA,NA,NA,NA,NA,NA,NA,NA,NA,NA,NA,NA,NA,NA,NA,NA,NA,NA,NA,NA,NA,NA,0,0,0,0,0,0,0,0,0,0,0,0,0,0,0,0,0,0,"2019-09-01","19061609332576632019-09-01","UT_GrandStaircaseEscalanteNM_LUP_2019_5-4_03.mdb","DBROWNING",2020-05-06 11:49:31,"DBROWNING",2020-05-06 11:49:31
"1906191010005783",3,NA,NA,NA,NA,NA,NA,"","","","","","","","","","","","","","","","","","",NA,NA,NA,NA,NA,NA,NA,NA,NA,NA,NA,NA,NA,NA,NA,NA,NA,NA,NA,NA,NA,NA,NA,NA,NA,NA,NA,NA,NA,NA,NA,NA,NA,NA,NA,NA,0,0,0,0,0,0,0,0,0,0,0,0,0,0,0,0,0,0,"2019-09-01","19061609332576632019-09-01","UT_GrandStaircaseEscalanteNM_LUP_2019_5-4_03.mdb","DBROWNING",2020-05-06 11:49:31,"DBROWNING",2020-05-06 11:49:31
